sort_1;12;84000;0.472350987954997;0.008918352075852;0.121250435942784;0.065414443961345;0.005894426954910
sort_1;12;84000;0.461763923987746;0.009114207001403;0.123456786037423;0.065414289012551;0.006368407979608
sort_1;12;84000;0.467385280993767;0.009159491979517;0.123349323985167;0.066082517965697;0.005809180904180
sort_1;12;84000;0.486871668021195;0.009140165057033;0.122231433982961;0.065878130961210;0.005706085008569
sort_1;12;84000;0.475288771907799;0.008871615049429;0.122032620944083;0.066372366040014;0.007132190978155
sort_1;12;84000;0.488601483986713;0.008923240005970;0.120001604082063;0.065805407008156;0.005913735949434
sort_1;12;84000;0.478769288980402;0.008831029990688;0.121403353987262;0.065763258025981;0.006012629950419
sort_1;12;84000;0.461747795110568;0.009082994074561;0.122787237050943;0.066134450957179;0.006436888012104
sort_1;12;84000;0.476339587010443;0.008937867009081;0.123968299012631;0.066161766066216;0.006387469009496
sort_1;12;84000;0.496884412015788;0.008824546006508;0.121659170952626;0.064800332067534;0.005716821993701
sort_1;12;84000;0.469852362060919;0.008872954989783;0.121603271923959;0.066067088977434;0.006667937966995
sort_1;12;84000;0.474374367040582;0.009067351929843;0.123031791998073;0.065942671033554;0.005872929003090
sort_1;12;84000;0.467186194029637;0.008890323922969;0.125765239004977;0.065952236996964;0.006391357979737
sort_1;12;84000;0.474526131991297;0.008942860062234;0.127771908999421;0.065647021983750;0.006385199027136
sort_1;12;84000;0.486717018065974;0.009014506940730;0.124022208037786;0.065696557983756;0.005663768039085
sort_1;12;84000;0.503575370064937;0.015953990048729;0.122227247920819;0.065917736967094;0.005812230985612
sort_1;12;84000;0.468006265000440;0.008897838997655;0.123452855972573;0.065864746924490;0.007126735989004
sort_1;12;84000;0.469330942025408;0.008878151071258;0.126177461002953;0.066076525021344;0.007012379006483
sort_1;12;84000;0.487360640079714;0.009136802982539;0.126924791024067;0.066013828036375;0.005764122935943
sort_1;12;84000;0.479015679913573;0.008872967096977;0.121987976948731;0.065595632069744;0.006470774067566
sort_1;14;98000;0.461321795010008;0.007964520016685;0.114028673036955;0.049813944031484;0.006425358005799
sort_1;14;98000;0.449282723013312;0.007535260985605;0.116328435949981;0.050074744969606;0.006349978037179
sort_1;14;98000;0.465769601054490;0.017727033002302;0.114806651021354;0.050103403977118;0.006384253967553
sort_1;14;98000;0.459234160953201;0.007583318045363;0.115440445020795;0.050180000020191;0.007003679987974
sort_1;14;98000;0.603197105927393;0.018124714959413;0.128341722069308;0.050542140030302;0.008976349025033
sort_1;14;98000;0.458372322958894;0.007567933993414;0.115652252919972;0.050039236899465;0.007099912967533
sort_1;14;98000;0.459847492049448;0.007519408944063;0.115403425996192;0.050111657939851;0.007102397037670
sort_1;14;98000;0.469817167962901;0.018604487995617;0.115010397043079;0.050045084906742;0.006165997008793
sort_1;14;98000;0.473052047076635;0.017841988941655;0.114791532047093;0.049851785995997;0.006449499982409
sort_1;14;98000;0.470601071021520;0.018140059080906;0.114748421008699;0.050237650051713;0.006386363063939
sort_1;14;98000;0.471572745009325;0.018889729049988;0.114719797973521;0.049875854980201;0.006146279978566
sort_1;14;98000;0.457639358006418;0.007701755035669;0.115009812987410;0.050083746085875;0.006423507002182
sort_1;14;98000;0.585138465045020;0.019036391051486;0.118590048979968;0.050313362036832;0.009013913106173
sort_1;14;98000;0.454633460030891;0.007742287009023;0.126335556036793;0.050130069022998;0.006983682047576
sort_1;14;98000;0.470507359015755;0.018424044013955;0.115279381978326;0.050067179021426;0.006238374975510
sort_1;14;98000;0.476121969055384;0.018652251921594;0.114750892040320;0.050008312915452;0.005935627035797
sort_1;14;98000;0.450310832005925;0.007754737976938;0.116231911000796;0.049701497075148;0.006352222990245
sort_1;14;98000;0.457228224026039;0.007752185920253;0.127141981967725;0.049995312001556;0.007002852973528
sort_1;14;98000;0.467664097086526;0.018058620044030;0.114770803018473;0.050021090894006;0.006295209983364
sort_1;14;98000;0.477229173993692;0.018446244997904;0.114722199039534;0.049844439025037;0.006071266019717
sort_1;9;63000;0.522035113070160;0.011951780994423;0.142347347922623;0.106501883012243;0.007503845030442
sort_1;9;63000;0.519674284965731;0.011820271960460;0.142236317973584;0.106269420008175;0.007617903989740
sort_1;9;63000;0.522554845083505;0.012009785044938;0.141688953968696;0.106312509044074;0.007554832031019
sort_1;9;63000;0.520325987949036;0.011675379006192;0.143295342917554;0.105759294005111;0.007535386015661
sort_1;9;63000;0.519129697000608;0.011712978943251;0.144259457010776;0.106555702048354;0.007575468043797
sort_1;9;63000;0.523734225076623;0.011634971015155;0.141485432977788;0.106214088969864;0.007528339046985
sort_1;9;63000;0.514845288009383;0.012022677925415;0.144876335049048;0.106310411007144;0.007653211010620
sort_1;9;63000;0.516802862985060;0.011597862001508;0.145062977913767;0.105907798977569;0.007554212934338
sort_1;9;63000;0.514820473967120;0.011605967069045;0.145345609053038;0.106528023956344;0.007520038983785
sort_1;9;63000;0.513935933937319;0.011777403065935;0.145182447042316;0.106114274007268;0.007614637026563
sort_1;9;63000;0.518115964019671;0.011950411018915;0.144918257952668;0.106425387086347;0.007529861992225
sort_1;9;63000;0.515491530997679;0.011639142991044;0.143575585098006;0.106264178059064;0.007527306093834
sort_1;9;63000;0.512070034979843;0.011713462998159;0.145355853019282;0.105708574992605;0.007681810995564
sort_1;9;63000;0.517460051923990;0.011767685995437;0.142980913980864;0.105804899008945;0.007550516049378
sort_1;9;63000;0.521777615998872;0.011605061008595;0.143383743939921;0.106508128927089;0.007598379976116
sort_1;9;63000;0.513795618084259;0.011749688070267;0.146185453049839;0.105999152990989;0.007502709981054
sort_1;9;63000;0.516265418031253;0.011693112086505;0.142884406028315;0.106341726030223;0.007621288998052
sort_1;9;63000;0.516525321057998;0.011658245930448;0.143620125949383;0.105878083966672;0.007566378102638
sort_1;9;63000;0.519392821006477;0.011609170003794;0.142373387934640;0.105889997095801;0.007583628990687
sort_1;9;63000;0.509045454091392;0.011613519047387;0.146989025990479;0.106123437988572;0.007654194952920
sort_1;7;49000;0.537076583015732;0.014889331068844;0.154198330943473;0.152671586023644;0.004613704979420
sort_1;7;49000;0.531840379000641;0.014950059005059;0.154902195092291;0.152449370012619;0.004436225979589
sort_1;7;49000;0.537096597952768;0.014801415032707;0.157074705930427;0.152540409006178;0.006150481989607
sort_1;7;49000;0.540127490065061;0.014878493966535;0.157078550080769;0.152538953931071;0.005869479966350
sort_1;7;49000;0.541805963031948;0.014920871006325;0.158496074029244;0.152597745996900;0.006065753987059
sort_1;7;49000;0.538699322962202;0.015034997952171;0.158620450994931;0.153082591015846;0.005810378002934
sort_1;7;49000;0.538414689013734;0.014680118998513;0.157968734041788;0.153494974016212;0.005844085011631
sort_1;7;49000;0.540114755975083;0.014888196950778;0.157127249054611;0.152551010018215;0.006040032021701
sort_1;7;49000;0.547124743927270;0.014712615055032;0.158738162019290;0.153127223951742;0.006641629035585
sort_1;7;49000;0.542492843000218;0.014809596934356;0.157211207086220;0.153299930971116;0.005818682955578
sort_1;7;49000;0.548860172042623;0.014915343024768;0.158117166021839;0.153909922926687;0.006807742989622
sort_1;7;49000;0.540146743063815;0.014901011949405;0.153022538055666;0.152707867906429;0.004557269974612
sort_1;7;49000;0.533631628029980;0.014742186060175;0.156982901971787;0.153222521999851;0.005267731961794
sort_1;7;49000;0.540870760916732;0.014904394978657;0.159479137044400;0.153186992974952;0.006000926019624
sort_1;7;49000;0.537994239944965;0.014783852966502;0.157218756037764;0.152545669930987;0.005907897022553
sort_1;7;49000;0.538990185013972;0.014861589064822;0.156379690975882;0.153174075996503;0.005905419006012
sort_1;7;49000;0.538732010056265;0.014993884949945;0.158192064962350;0.153885944047943;0.005824366002344
sort_1;7;49000;0.541206876980141;0.014894490945153;0.156507797073573;0.153574184980243;0.005895507987589
sort_1;7;49000;0.534713275963441;0.014887363999151;0.159408180043101;0.152707496890798;0.005896335933357
sort_1;7;49000;0.544127580942586;0.014771818998270;0.156476218951866;0.153065254096873;0.005842756945640
sort_1;6;42000;0.591011833050288;0.017198320943862;0.169363655033521;0.188671487034298;0.005121477995999
sort_1;6;42000;0.589956299052574;0.017267604009248;0.168224015971646;0.189963352051564;0.005166367976926
sort_1;6;42000;0.590008272905834;0.017200826085173;0.169222946977243;0.189070491003804;0.005088657955639
sort_1;6;42000;0.589126933948137;0.017095499904826;0.168889543972909;0.189987176097929;0.005081358947791
sort_1;6;42000;0.588981010019779;0.017274720012210;0.170040742959827;0.190199282951653;0.005146248964593
sort_1;6;42000;0.591014709905721;0.017124713049270;0.169073779950850;0.188324174960144;0.004945820895955
sort_1;6;42000;0.584955716039985;0.017089626053348;0.169759409036487;0.188972180010751;0.005013221991248
sort_1;6;42000;0.589050558046438;0.017184327007271;0.168304477003403;0.188532094005495;0.005198923056014
sort_1;6;42000;0.590447358088568;0.017112602945417;0.169811986037530;0.189729313016869;0.004998149932362
sort_1;6;42000;0.589645068976097;0.017261200933717;0.167766534956172;0.189665343961678;0.004998378921300
sort_1;6;42000;0.591576323029585;0.017230978934094;0.169956126017496;0.189146806020290;0.005088181002066
sort_1;6;42000;0.587033779942431;0.017105425940827;0.168587498948909;0.190281889052130;0.005227755988017
sort_1;6;42000;0.591183912009001;0.017282355926000;0.169342771987431;0.189936697017401;0.004988568951376
sort_1;6;42000;0.593093625968322;0.017193461069837;0.168817176017910;0.190247664926574;0.005131075042300
sort_1;6;42000;0.591697109979577;0.017302233027294;0.170070630963892;0.189578220015392;0.005019732983783
sort_1;6;42000;0.590588227030821;0.017333857016638;0.169163514976390;0.190127770067193;0.005152309080586
sort_1;6;42000;0.592585123027675;0.017438553040847;0.169333638041280;0.190070971031673;0.005154657992534
sort_1;6;42000;0.590048850048333;0.017375115072355;0.169217035989277;0.189986416953616;0.005157943000086
sort_1;6;42000;0.590587587910704;0.017278412007727;0.170422412920743;0.190230158972554;0.004982678103261
sort_1;6;42000;0.592568743042648;0.017148206010461;0.169061961001717;0.190375469974242;0.005039060022682
sort_1;8;56000;0.617483551963232;0.012988010072149;0.147389460937120;0.125943616963923;0.004811681108549
sort_1;8;56000;0.598687432939187;0.013240139000118;0.143608122947626;0.125570447067730;0.004670204943977
sort_1;8;56000;0.602946366998367;0.013156940927729;0.143314943998121;0.125515385996550;0.004668034031056
sort_1;8;56000;0.612516673980281;0.013214495964348;0.144298541010357;0.125402198988013;0.004674278083257
sort_1;8;56000;0.603548393002711;0.013141131959856;0.143226376036182;0.125712038017809;0.005751713993959
sort_1;8;56000;0.602105650003068;0.013131800922565;0.143376053078100;0.126176556921564;0.005756279919297
sort_1;8;56000;0.609994131955318;0.013195601990446;0.143529328051955;0.126094133011065;0.005662845913321
sort_1;8;56000;0.574970728019252;0.012843126081862;0.143595592002384;0.126273280009627;0.006497027934529
sort_1;8;56000;0.598102863063104;0.013096194015816;0.142231011996046;0.126116651925258;0.004656699951738
sort_1;8;56000;0.561477769981138;0.013198025058955;0.144804015988484;0.126675797044300;0.006370397051796
sort_1;8;56000;0.598047990002669;0.012881550006568;0.145802197046578;0.126334149041213;0.005617570946924
sort_1;8;56000;0.601017154054716;0.013006623019464;0.146014043013565;0.125302317901514;0.005688212928362
sort_1;8;56000;0.602248882991262;0.012849594000727;0.144860730972141;0.125987987965345;0.005502401036210
sort_1;8;56000;0.601881989976391;0.013070471002720;0.144947591936216;0.126252911984921;0.005694730090909
sort_1;8;56000;0.607087018084712;0.013320961035788;0.141720455954783;0.125563274021260;0.005873248097487
sort_1;8;56000;0.594357748981565;0.013115535024554;0.143457468948327;0.126181625993922;0.005877929972485
sort_1;8;56000;0.601051950012334;0.013235601945780;0.143495850963518;0.125996210030280;0.005481285974383
sort_1;8;56000;0.610921275918372;0.013102787896059;0.143641342991032;0.125806663068943;0.005617263028398
sort_1;8;56000;0.528077155002393;0.013458091998473;0.152369203977287;0.123603677027859;0.006849525962025
sort_1;8;56000;0.530919319950044;0.013026218046434;0.151211870950647;0.125837630941533;0.006951112998649
sort_1;16;112000;0.571763413958251;0.007885965984315;0.130228866008110;0.039202952990308;0.006773657049052
sort_1;16;112000;0.623437536996789;0.025453378912061;0.101568999933079;0.039585937978700;0.003436870989390
sort_1;16;112000;0.568779263063334;0.020753719960339;0.141108409967273;0.039502573083155;0.006663021980785
sort_1;16;112000;0.603826237958856;0.016830094973557;0.176524727023207;0.039354773005471;0.002764199045487
sort_1;16;112000;0.644693643902428;0.016630587982945;0.127917281002738;0.039633161970414;0.004973825067282
sort_1;16;112000;0.606755501008593;0.007531394017860;0.137468042084947;0.039605546975508;0.004408572916873
sort_1;16;112000;0.612953281961381;0.007920643081889;0.133942746091634;0.039647056022659;0.004725145059638
sort_1;16;112000;0.540288176969625;0.016801959020086;0.183408276992850;0.039437443017960;0.002755993977189
sort_1;16;112000;0.616075564990751;0.017098914016970;0.122772632050328;0.039595315000042;0.005074165994301
sort_1;16;112000;0.574862307053991;0.008079525898211;0.137708293972537;0.039673684048466;0.004314008983783
sort_1;16;112000;0.586989649920724;0.016835362068377;0.131918500992469;0.039764706976712;0.005534177063964
sort_1;16;112000;0.556555807939731;0.016906957025640;0.103508831001818;0.039096796070226;0.005572333000600
sort_1;16;112000;0.531753369956277;0.006699259974994;0.108765996061265;0.039272566093132;0.003624179051258
sort_1;16;112000;0.605832847999409;0.021119427983649;0.162440833053552;0.039486140012741;0.004928766051307
sort_1;16;112000;0.603770107962191;0.020734725054353;0.181836814037524;0.039280305965804;0.002739468007348
sort_1;16;112000;0.614451266941614;0.020839708973654;0.121678148047067;0.039504091022536;0.004996552946977
sort_1;16;112000;0.551612079027109;0.016939862980507;0.146829037927091;0.039478398975916;0.006666808971204
sort_1;16;112000;0.648559360066429;0.020386495045386;0.134685136028565;0.039499122998677;0.004293067031540
sort_1;16;112000;0.612163037993014;0.020869783940725;0.130808883928694;0.039666702970862;0.004354187985882
sort_1;16;112000;0.579266718006693;0.008052345016040;0.122126510017551;0.039644986973144;0.004028404946439
sort_1;10;70000;0.591650328948162;0.032740231021307;0.132614148082212;0.089450153987855;0.004181943018921
sort_1;10;70000;0.588735066936351;0.027943960973062;0.141955035971478;0.089526700088754;0.006531741004437
sort_1;10;70000;0.539721262990497;0.023211580934003;0.138494690996595;0.089797761989757;0.004718157928437
sort_1;10;70000;0.627045157016255;0.022358019021340;0.187123987008817;0.090672708931379;0.006731755100191
sort_1;10;70000;0.652037764899433;0.022932246094570;0.179481841041707;0.088503972045146;0.003822817001492
sort_1;10;70000;0.565974518074654;0.029615962994285;0.127778409980237;0.089884703978896;0.006001633941196
sort_1;10;70000;0.621722329058684;0.025890067103319;0.172718152054586;0.089624283951707;0.002799398032948
sort_1;10;70000;0.568070255918428;0.022528500063345;0.128826280939393;0.089259851025417;0.005347747937776
sort_1;10;70000;0.576694931020029;0.024347411002964;0.214782263967209;0.088796110008843;0.004144956008531
sort_1;10;70000;0.580850808997639;0.023141465964727;0.130714886006899;0.088988263043575;0.004014716017991
sort_1;10;70000;0.560838731937110;0.023763192002662;0.131873672013171;0.089390770066530;0.005996998981573
sort_1;10;70000;0.685594545095228;0.022400339948945;0.207870210986584;0.089307019952685;0.004818469984457
sort_1;10;70000;0.610210709040985;0.031378436018713;0.131064396933652;0.088957972009666;0.006570183904842
sort_1;10;70000;0.613959236070514;0.028272441006266;0.140535252983682;0.089820399996825;0.006008671945892
sort_1;10;70000;0.585496029001661;0.023109173984267;0.179481328930706;0.088912424049340;0.005108761950396
sort_1;10;70000;0.573064201977104;0.028429087018594;0.128801545943134;0.089354802039452;0.006403496954590
sort_1;10;70000;0.618473487091251;0.025916752987541;0.149706944008358;0.089432053966448;0.003959210938774
sort_1;10;70000;0.571376650012098;0.026928977924399;0.134318967000581;0.089763617026620;0.005173606099561
sort_1;10;70000;0.554582142969593;0.025909361895174;0.169198089046404;0.090756490943022;0.006641848012805
sort_1;10;70000;0.638396954978816;0.033257278031670;0.210049805929884;0.088049983023666;0.004718979005702
sort_1;15;105000;0.702993138926104;0.022522030980326;0.122476713964716;0.044131916947663;0.007425311952829
sort_1;15;105000;0.688668061047792;0.017994036898017;0.111974759958684;0.044167879968882;0.005939168971963
sort_1;15;105000;0.527865390991792;0.007071256055497;0.111202363041230;0.044077920960262;0.006358069949783
sort_1;15;105000;0.532612025970593;0.007325806072913;0.111757664941251;0.044065144029446;0.007052675005980
sort_1;15;105000;0.535609393962659;0.007509600953199;0.111050673061982;0.044006492011249;0.006214243010618
sort_1;15;105000;0.657393543981016;0.018124271999113;0.129617593018338;0.044541214942001;0.006864669034258
sort_1;15;105000;0.702570746885613;0.017665994004346;0.129473960027099;0.044508188031614;0.006097153993323
sort_1;15;105000;0.676046840031631;0.017884781002067;0.126273997011594;0.044388888054527;0.007468117051758
sort_1;15;105000;0.579433590988629;0.017571137053892;0.109317481052130;0.044319106964394;0.009642265038565
sort_1;15;105000;0.663565759896301;0.017543131951243;0.115637029055506;0.044161156052724;0.008344084024429
sort_1;15;105000;0.578862864058465;0.017819880042225;0.126869222964160;0.044447790947743;0.011176439002156
sort_1;15;105000;0.737079845974222;0.017805868992582;0.122746607055888;0.044231971958652;0.006105897016823
sort_1;15;105000;0.597304837894626;0.017662082915194;0.134467886062339;0.044224020908587;0.009908047039062
sort_1;15;105000;0.576795008964837;0.008142354898155;0.117198594962247;0.044268049998209;0.010736232972704
sort_1;15;105000;0.693769975914620;0.017962984973565;0.124026815989055;0.044139247969724;0.006113108014688
sort_1;15;105000;0.711369684897363;0.021773265907541;0.123816728941165;0.044240899966098;0.006088464986533
sort_1;15;105000;0.517525029019453;0.007162544061430;0.105958973988891;0.043925308040343;0.006353055010550
sort_1;15;105000;0.525556459906511;0.007184069952928;0.111054309993051;0.043848623055965;0.006215736968443
sort_1;15;105000;0.523652759031393;0.007156401989050;0.112357153906487;0.043826824985445;0.006737642921507
sort_1;15;105000;0.521906664944254;0.007405698997900;0.111309465020895;0.043873075977899;0.006724803010002
sort_1;11;77000;0.619134548003785;0.031378790969029;0.129109445959330;0.075050618033856;0.006695764022879
sort_1;11;77000;0.578574866987765;0.031909491983242;0.138613375020213;0.075742277083918;0.004711515037343
sort_1;11;77000;0.573640172951855;0.031789358938113;0.131946092005819;0.074964759987779;0.004832433885895
sort_1;11;77000;0.617832445073873;0.025004980037920;0.123727487050928;0.075396812986583;0.004919965984300
sort_1;11;77000;0.636523908004165;0.030849606031552;0.124089283053763;0.074938507983461;0.005459378939122
sort_1;11;77000;0.565660886000842;0.025007012998685;0.123833511024714;0.075068431091495;0.005526051972993
sort_1;11;77000;0.586318866000511;0.025724835926667;0.123345058993436;0.074795737979002;0.005660768016241
sort_1;11;77000;0.520910196006298;0.022328555001877;0.135657434002496;0.075070653925650;0.004605849971995
sort_1;11;77000;0.574535680934787;0.032018305035308;0.135433821938932;0.074829934048466;0.007552418974228
sort_1;11;77000;0.605007005971856;0.022527539054863;0.246807099902071;0.074547816067934;0.002834026934579
sort_1;11;77000;0.569716167985462;0.025829436024651;0.136552606010810;0.075813053059392;0.005572838010266
sort_1;11;77000;0.630686015938409;0.022477486985736;0.204013786977157;0.087097316980362;0.004450250999071
sort_1;11;77000;0.571630222024396;0.025919468025677;0.125523474998772;0.075194137985818;0.005559724988416
sort_1;11;77000;0.566972244996578;0.025667021051049;0.123889941023663;0.074630749062635;0.004124421044253
sort_1;11;77000;0.571289422921836;0.022493361961097;0.125173042993993;0.074635141994804;0.005378618952818
sort_1;11;77000;0.611249787965789;0.017407692037523;0.135350982076488;0.075379791087471;0.005198979983106
sort_1;11;77000;0.660813049995340;0.018702226923779;0.183098781039007;0.074746939004399;0.005550155998208
sort_1;11;77000;0.665229402948171;0.029530068975873;0.246752491919324;0.076057757018134;0.008199407951906
sort_1;11;77000;0.598590195993893;0.034535545972176;0.153694869950414;0.074942238046788;0.004989381995983
sort_1;11;77000;0.653047199011780;0.032101739081554;0.166753879981115;0.075172484968789;0.008180524921045
sort_1;13;91000;0.597972079995088;0.030799112981185;0.146004770998843;0.056747757014818;0.009370238985866
sort_1;13;91000;0.621851194067858;0.019723645062186;0.147430527023971;0.057012534001842;0.005249764071777
sort_1;13;91000;0.583378734998405;0.019385977066122;0.135663557914086;0.057062924024649;0.005596980918199
sort_1;13;91000;0.610647064982913;0.020054241991602;0.117611692985520;0.056441658991389;0.005252292030491
sort_1;13;91000;0.586881875060499;0.019999932963401;0.150507185957395;0.056975072948262;0.007631596992724
sort_1;13;91000;0.615169222932309;0.020280269905925;0.116666576941498;0.056803609011695;0.005655160988681
sort_1;13;91000;0.639021900948137;0.024383860058151;0.116468525025994;0.056551549001597;0.006096821045503
sort_1;13;91000;0.657811508979648;0.016096642008051;0.210116560920142;0.057195002911612;0.007416320033371
sort_1;13;91000;0.528534039971419;0.023880530032329;0.180667980923317;0.057383090024814;0.006412621936761
sort_1;13;91000;0.579587999964133;0.017973530106246;0.133754419977777;0.056734094978310;0.005655596032739
sort_1;13;91000;0.596081684925593;0.023650466930121;0.136343121994287;0.056898685987107;0.006369145005010
sort_1;13;91000;0.623483618954197;0.020095351035707;0.140104472986422;0.056785513064824;0.006599785061553
sort_1;13;91000;0.650267529068515;0.015517139923759;0.148005231050774;0.057270339922979;0.006624773959629
sort_1;13;91000;0.581328413099982;0.024554337025620;0.146144471014850;0.057187332073227;0.008070530951954
sort_1;13;91000;0.662537630996667;0.023806993965991;0.156190720037557;0.057414541952312;0.008394546108320
sort_1;13;91000;0.584586176089942;0.008301498019136;0.116404847009107;0.056371951010078;0.004394502961077
sort_1;13;91000;0.600112991058268;0.023983794962987;0.130021254066378;0.056915554101579;0.007001242949627
sort_1;13;91000;0.876356324064545;0.025385651970282;0.399136614985764;0.056951283011585;0.004578121006489
sort_1;13;91000;0.850840928964317;0.024509006063454;0.418571250978857;0.064727485994808;0.003278951044194
sort_1;13;91000;0.672256547957659;0.023673050105572;0.142575639067218;0.056937337969430;0.008433546987362
sort_1;5;35000;0.656467863940634;0.020752460928634;0.183990960940719;0.240421530092135;0.005119355977513
sort_1;5;35000;0.662209101021290;0.020450746989809;0.180727627943270;0.244934550020844;0.006711778929457
sort_1;5;35000;0.655770835001022;0.020358261070214;0.178474889020436;0.244826878071763;0.005804144078866
sort_1;5;35000;0.652461111079901;0.020521464990452;0.181779559003189;0.244023528997786;0.006787425023504
sort_1;5;35000;0.648470954969525;0.020615084911697;0.181060674949549;0.244392396067269;0.006747311912477
sort_1;5;35000;0.653579346952029;0.020491966977715;0.181024848017842;0.243938337895088;0.006832255981863
sort_1;5;35000;0.649753573001362;0.020754359080456;0.180680199060589;0.245426057954319;0.006774039939046
sort_1;5;35000;0.651803484070115;0.020639642025344;0.178723477991298;0.244501493056305;0.005867473082617
sort_1;5;35000;0.655662928009406;0.020301709068008;0.179915928980336;0.245055517065339;0.005110037978739
sort_1;5;35000;0.652330240933225;0.020356916938908;0.180456322035752;0.244606541935354;0.005869004991837
sort_1;5;35000;0.649407002027147;0.020455549005419;0.180189089034684;0.245196886942722;0.006736709037796
sort_1;5;35000;0.653394719935022;0.020768854999915;0.181931242928840;0.243843293050304;0.006767471088096
sort_1;5;35000;0.655128761078231;0.020734568010084;0.181216710945591;0.244758017943241;0.006804773933254
sort_1;5;35000;0.653334322036244;0.020645029027946;0.181238724035211;0.244868322042748;0.006866369047202
sort_1;5;35000;0.653744691982865;0.020597100956365;0.180662875995040;0.243463036022149;0.006684354972094
sort_1;5;35000;0.659946348983794;0.020589380059391;0.179181121988222;0.244420738075860;0.005139624001458
sort_1;5;35000;0.647914287052117;0.020354761974886;0.179830676992424;0.244286040891893;0.005926376907155
sort_1;5;35000;0.650146279949695;0.020473488024436;0.180746776983142;0.245478416909464;0.005885247024707
sort_1;5;35000;0.652920230058953;0.020729392068461;0.179744501016103;0.245109288953245;0.006894668913446
sort_1;5;35000;0.653416212997399;0.020625400939025;0.181382686947472;0.245789814041927;0.006709518958814
sort_1;4;28000;0.771720251999795;0.025756202056073;0.207549014012329;0.317970828036778;0.007181391934864
sort_1;4;28000;0.778812472010031;0.025465081911534;0.203260703943670;0.331073617096990;0.007230198010802
sort_1;4;28000;0.779451139038429;0.025495989015326;0.203976774006151;0.330738132935949;0.007053773966618
sort_1;4;28000;0.777528298087418;0.025705790962093;0.202509263064712;0.333740642992780;0.007106349105015
sort_1;4;28000;0.775042898952961;0.025471608038060;0.203491296037100;0.331783858942799;0.007078296970576
sort_1;4;28000;0.778203631052747;0.025581220048480;0.204120768001303;0.332037265063263;0.007017915952019
sort_1;4;28000;0.772324985009618;0.025514003937133;0.204255835968070;0.330940641928464;0.007174011087045
sort_1;4;28000;0.784110449021682;0.025740082026459;0.205706928973086;0.329549496993423;0.007311268011108
sort_1;4;28000;0.772987029980868;0.025417206110433;0.204189690062776;0.330916161998175;0.007122500916012
sort_1;4;28000;0.779142284998670;0.025587434065528;0.204302009078674;0.331765865907073;0.007197550963610
sort_1;4;28000;0.768345192074776;0.025623747031204;0.204965531011112;0.331521656014957;0.007079898961820
sort_1;4;28000;0.779793028021231;0.025603031972423;0.204282112070359;0.331546618021093;0.007086070952937
sort_1;4;28000;0.772749318042770;0.025626815040596;0.205102641950361;0.331444751005620;0.007489330950193
sort_1;4;28000;0.780770416953601;0.025771189015359;0.206014957046136;0.332046495052055;0.007318998919800
sort_1;4;28000;0.782544707995839;0.025733752991073;0.206028362037614;0.332447280990891;0.007249008049257
sort_1;4;28000;0.774645514087752;0.025400950922631;0.203791455016471;0.331516332924366;0.007111720042303
sort_1;4;28000;0.780682813026942;0.025549054029398;0.203913922887295;0.332616416038945;0.007106494042091
sort_1;4;28000;0.773158580996096;0.025451045017689;0.205750101013109;0.331514584016986;0.007173518999480
sort_1;4;28000;0.800443144049495;0.025595425046049;0.203841993003152;0.353512651985511;0.007156083011068
sort_1;4;28000;1.006452918983996;0.025525416014716;0.216429752996191;0.554130765027367;0.007190783973783
sort_1;3;21000;0.914265406085178;0.034176314016804;0.254619191982783;0.483194092987105;0.008083018939942
sort_1;3;21000;0.912402718095109;0.034159321920015;0.252428221050650;0.488714064005762;0.007994090090506
sort_1;3;21000;0.916042742086574;0.034011431038380;0.252518250024877;0.487240236951038;0.008031270001084
sort_1;3;21000;0.920452179037966;0.033813163987361;0.253015817026608;0.488603606005199;0.008023523958400
sort_1;3;21000;0.922504534013569;0.034228612086736;0.251936085056514;0.488984495983459;0.008058360079303
sort_1;3;21000;0.977670151973143;0.034032922936603;0.253640242968686;0.484419165994041;0.008371409028769
sort_1;3;21000;0.915636640973389;0.033792278030887;0.253671482903883;0.488289500004612;0.008031587000005
sort_1;3;21000;0.912466049892828;0.034109733998775;0.253363367053680;0.483871659962460;0.007942038937472
sort_1;3;21000;0.924601218081079;0.034092001034878;0.256607359042391;0.490813908982091;0.008034272002988
sort_1;3;21000;0.914909041021019;0.034150504041463;0.255740422056988;0.485684251063503;0.007960884948261
sort_1;3;21000;0.923607817967422;0.034032274968922;0.254704506951384;0.488900969969109;0.007988270022906
sort_1;3;21000;0.921311374986544;0.033840207033791;0.252066146931611;0.490547652007081;0.007918993942440
sort_1;3;21000;0.912875393987633;0.034095087903552;0.252554673934355;0.484333619009703;0.008058111998253
sort_1;3;21000;0.918569816974923;0.033874180982821;0.253003777004778;0.487552863894962;0.007951939012855
sort_1;3;21000;0.911147493985482;0.034104392980225;0.252120960969478;0.486294305999763;0.008004409028217
sort_1;3;21000;0.916131297009997;0.033951028017327;0.254045421956107;0.488526602974162;0.008014932973310
sort_1;3;21000;0.913529502926394;0.034101657918654;0.253619055030867;0.486563825048506;0.008031331002712
sort_1;3;21000;0.920444624964148;0.033795309020206;0.252590254996903;0.488014415022917;0.008058445993811
sort_1;3;21000;0.918531030067243;0.033794356044382;0.254041875945404;0.487082658917643;0.008007867028937
sort_1;3;21000;0.906291282968596;0.034116360009648;0.253138525062241;0.480205051950179;0.008065404952504
sort_1;2;14000;1.217278646072373;0.050772833987139;0.330692730960436;0.770524245919660;0.008458329015411
sort_1;2;14000;1.267243976006284;0.050426758010872;0.330910068005323;0.825956284068525;0.009437954053283
sort_1;2;14000;1.264943680958822;0.050317969988100;0.330646928981878;0.826980099896900;0.009418494068086
sort_1;2;14000;1.264358262997121;0.050828678999096;0.329121156944893;0.825989120989107;0.009483510977589
sort_1;2;14000;1.266783754923381;0.050259242067114;0.334633880993351;0.825617745053023;0.009397753980011
sort_1;2;14000;1.260075328988023;0.050498444936238;0.330011875950731;0.825429467018694;0.009445352014154
sort_1;2;14000;1.264069776982069;0.050768595072441;0.330409779096954;0.824334654025733;0.009469497948885
sort_1;2;14000;1.264736359007657;0.050572620006278;0.330352527089417;0.826133223949000;0.009509422932751
sort_1;2;14000;1.265308939968236;0.050470252986997;0.333350699045695;0.824275632039644;0.009409241029061
sort_1;2;14000;1.294086977955885;0.050303442985751;0.332189188105986;0.857899153023027;0.009304565959610
sort_1;2;14000;1.260746369021945;0.050363351940177;0.329054352012463;0.823883022065274;0.009382368996739
sort_1;2;14000;1.267034241929650;0.050369099015370;0.331561640952714;0.827754385070875;0.009334112051874
sort_1;2;14000;1.266748077934608;0.050318497931585;0.334958941908553;0.828389367088675;0.009421502007172
sort_1;2;14000;1.271778383990750;0.050430889008567;0.337675892049447;0.825854287948459;0.009288226952776
sort_1;2;14000;1.231911806971766;0.050330321071669;0.337054132018238;0.787420248962007;0.009471682948060
sort_1;2;14000;1.224309545010328;0.050563000026159;0.333712092018686;0.787413554033265;0.008041949942708
sort_1;2;14000;1.257751047029160;0.051008260110393;0.329603057005443;0.826625343994237;0.008085113950074
sort_1;2;14000;1.258842822979204;0.050377983017825;0.330703202984296;0.826900949003175;0.008077525999397
sort_1;2;14000;1.255354063934647;0.050985913025215;0.330075416946784;0.825203538988717;0.008125400054269
sort_1;2;14000;1.255253838957287;0.050352636957541;0.328187847044319;0.825260067009367;0.007997705019079
sort_1;1;7000;2.578406456974335;0.101003527990542;0.452865152969025;1.990392219973728;0.014869504957460
sort_1;1;7000;2.560878154938109;0.100279547972605;0.441717794979922;1.983421426033601;0.016367616015486
sort_1;1;7000;2.571023274096660;0.099777232040651;0.452420394984074;1.984539235010743;0.015162767958827
sort_1;1;7000;2.575422433903441;0.100365733029321;0.453725475003012;1.985503455041908;0.016548073035665
sort_1;1;7000;2.562155070016161;0.099718239041977;0.442486419924535;1.984556468902156;0.016350794001482
sort_1;1;7000;2.565604787087068;0.099777739029378;0.442492689937353;1.988276286050677;0.015791742014699
sort_1;1;7000;2.564760975074023;0.100263789994642;0.445426487014629;1.985163668985479;0.014877852052450
sort_1;1;7000;2.557532786973752;0.100278127007186;0.441220475011505;1.980920233065262;0.015817477949895
sort_1;1;7000;2.567774565890431;0.100330330897123;0.443490019068122;1.988514777040109;0.016328574973159
sort_1;1;7000;2.562912944005802;0.099694844917394;0.442492068046704;1.984977186075412;0.016480325022712
sort_1;1;7000;2.563518789014779;0.099695250974037;0.440846650046296;1.987505967961624;0.016371686011553
sort_1;1;7000;2.561206815065816;0.099773323978297;0.440471491077915;1.986495285993442;0.015239799977280
sort_1;1;7000;2.565231043961830;0.100190756027587;0.444888129946776;1.986035902984440;0.015041572973132
sort_1;1;7000;2.559528750949539;0.100249837036245;0.440264206030406;1.984260463039391;0.015738402958959
sort_1;1;7000;2.564996938919649;0.100170779973269;0.442089202930219;1.987650888040662;0.016028938000090
sort_1;1;7000;2.560915052075870;0.099623964983039;0.442593425046653;1.983773620100692;0.015663039055653
sort_1;1;7000;2.562484570080414;0.100253081996925;0.438784104888327;1.988629758940078;0.015771753969602
sort_1;1;7000;2.558179253013805;0.100294948904775;0.445790594094433;1.977138365036808;0.015665687038563
sort_1;1;7000;2.574035461992025;0.100219822954386;0.451815101900138;1.986623218981549;0.016349180019461
sort_1;1;7000;2.567250172956847;0.099801577976905;0.440991954063065;1.991088262991980;0.016314294072799
sort_1;15;105000;0.458435551030561;0.007569181034341;0.109456951031461;0.043851456022821;0.006916990038007
sort_1;15;105000;0.459416404948570;0.007429335033521;0.110376458032988;0.044093371019699;0.006636832025833
sort_1;15;105000;0.498764188960195;0.007322466000915;0.105994877987541;0.044089088100009;0.006712123984471
sort_1;15;105000;0.453793686931022;0.007328366977163;0.110185737023130;0.043982062023133;0.006655536009930
sort_1;15;105000;0.454584893072024;0.007141656940803;0.111073823994957;0.043971195002086;0.006995468982495
sort_1;15;105000;0.450367214041762;0.007310856017284;0.109678515000269;0.043873896007426;0.006621230975725
sort_1;15;105000;0.452593751018867;0.007187647046521;0.105288653052412;0.043929558014497;0.006650198949501
sort_1;15;105000;0.443377322982997;0.007183345034719;0.111161428969353;0.044192828005180;0.006628805072978
sort_1;15;105000;0.454937029047869;0.007196702063084;0.110506994999014;0.044009250006638;0.006724650971591
sort_1;15;105000;0.452929285936989;0.007190266973339;0.111218114034273;0.043962849071249;0.006840682937764
sort_1;16;112000;0.461383971036412;0.006861160043627;0.104303272091784;0.039391009020619;0.007144594914280
sort_1;16;112000;0.454730713972822;0.006800160976127;0.109088722034357;0.039514487027191;0.007091350969858
sort_1;16;112000;0.460594787960872;0.006812976906076;0.109022163087502;0.039365857024677;0.007036313996650
sort_1;16;112000;0.463582967058755;0.006773022003472;0.108192534069531;0.039386005955748;0.007047049934044
sort_1;16;112000;0.459766466985457;0.006824418087490;0.103544233017601;0.039388376986608;0.007155979983509
sort_1;16;112000;0.461266705067828;0.006768784020096;0.108726076083258;0.039527554064989;0.007140228990465
sort_1;16;112000;0.456750512006693;0.006764000980183;0.109998316969723;0.039359724964015;0.007062688004225
sort_1;16;112000;0.462066762032919;0.006830567959696;0.104126691003330;0.039526122040115;0.007140822010115
sort_1;16;112000;0.457379820058122;0.006871646968648;0.109169824980199;0.039543046965264;0.007049297099002
sort_1;16;112000;0.460089279920794;0.006878515006974;0.104338258039206;0.039385132025927;0.007181912078522
sort_1;14;98000;0.458318316028453;0.007720755063929;0.112872069003060;0.049722180934623;0.006829658988863
sort_1;14;98000;0.463477152050473;0.008118157042190;0.113832292961888;0.049892256036401;0.007078564027324
sort_1;14;98000;0.460583993000910;0.007679198053665;0.113037843024358;0.049635317060165;0.007038651034236
sort_1;14;98000;0.457448861096054;0.007730483892374;0.108532589976676;0.049994688015431;0.006961276987568
sort_1;14;98000;0.455400852020830;0.007659405004233;0.113090115017258;0.049960481002927;0.007073191925883
sort_1;14;98000;0.457491178996861;0.007548831985332;0.114218653063290;0.049978285096586;0.007004610029981
sort_1;14;98000;0.460495383013040;0.007702828967012;0.108282362925820;0.049860023078509;0.006937036057934
sort_1;14;98000;0.460030596004799;0.007763175060973;0.112623117049225;0.049909969908185;0.006978004006669
sort_1;14;98000;0.475059811025858;0.018468948081136;0.112784988014027;0.049921593046747;0.006240998045541
sort_1;14;98000;0.485199350980110;0.018971745041199;0.114234815002419;0.049783257069066;0.005948325968347
sort_1;13;91000;0.461650190991350;0.008300435030833;0.116840336006135;0.056692529004067;0.006698662997223
sort_1;13;91000;0.463015700923279;0.008562775910832;0.117073160945438;0.056786891072989;0.006724460981786
sort_1;13;91000;0.458677588030696;0.008051616954617;0.115461623994634;0.056814103969373;0.006612850003876
sort_1;13;91000;0.462827143957838;0.008480208925903;0.116679087979719;0.056882651057094;0.006741011980921
sort_1;13;91000;0.466829007957131;0.008232409018092;0.117135643027723;0.056683228001930;0.006926335045137
sort_1;13;91000;0.458214099984616;0.008041160996072;0.116605337010697;0.056886119069532;0.006700423895381
sort_1;13;91000;0.463220948935486;0.008261383976787;0.116545186960138;0.056798762991093;0.006598351988941
sort_1;13;91000;0.465443163993768;0.008605664013885;0.115565568092279;0.056851112982258;0.006854288978502
sort_1;13;91000;0.464231324032880;0.007961945026182;0.116605002083816;0.056673337938264;0.006709496024996
sort_1;13;91000;0.464788949931972;0.008286076015793;0.116582759888843;0.056839268072508;0.006669019930996
sort_1;12;84000;0.489925235975534;0.012439526035450;0.118385427980684;0.065855159889907;0.005095754982904
sort_1;12;84000;0.481515097082593;0.020103821996599;0.118344471091405;0.065989315975457;0.005629141000099
sort_1;12;84000;0.480487152002752;0.021642380044796;0.118752276059240;0.065760341007262;0.005475147976540
sort_1;12;84000;0.480149606009945;0.016592983040027;0.118376287980936;0.065955086960457;0.005309191998094
sort_1;12;84000;0.497612369013950;0.024316246039234;0.116950000985526;0.065571342012845;0.003774299053475
sort_1;12;84000;0.478352063917555;0.011845408007503;0.119066035025753;0.066105502075516;0.005240871105343
sort_1;12;84000;0.490311459056102;0.020994298043661;0.117671999963932;0.066142527968623;0.003268990083598
sort_1;12;84000;0.478347329073586;0.020775069016963;0.120565421995707;0.065705370972864;0.005454197060317
sort_1;12;84000;0.481587791931815;0.011800731066614;0.116639151936397;0.065111749921925;0.003707317984663
sort_1;12;84000;0.484767174930312;0.018796349992044;0.119558534002863;0.065745781059377;0.005612994078547
sort_1;7;49000;0.537869996973313;0.014727910980582;0.152221731957980;0.152727382024750;0.004688504966907
sort_1;7;49000;0.530894365976565;0.014703604974784;0.152124590007588;0.152945077978075;0.004591739038005
sort_1;7;49000;0.534902251092717;0.014605563948862;0.152377157006413;0.152538454043679;0.004536585998721
sort_1;7;49000;0.532624918036163;0.014952682075091;0.151270719943568;0.153643185971305;0.004458994022571
sort_1;7;49000;0.531732977950014;0.014665303984657;0.152565891970880;0.152972509968095;0.004611707990989
sort_1;7;49000;0.529342534020543;0.014739824924618;0.152279422967695;0.152409794041887;0.004360496066511
sort_1;7;49000;0.533954584039748;0.014682897948660;0.151228714967147;0.153420367045328;0.004661519080400
sort_1;7;49000;0.526815954013728;0.014808453968726;0.150795369991101;0.153063693083823;0.004330342984758
sort_1;7;49000;0.532036632066593;0.014733470976353;0.151417545974255;0.152422827086411;0.004618397098966
sort_1;7;49000;0.531630920944735;0.014946287963539;0.150722388993017;0.152944249915890;0.004497385001741
sort_1;8;56000;0.512368221068755;0.012885643052869;0.144238459062763;0.124284329009242;0.004575400031172
sort_1;8;56000;0.506017338018864;0.013197898981161;0.144233759958297;0.126484006992541;0.004985044011846
sort_1;8;56000;0.504991449066438;0.013074828078970;0.144423024030402;0.126259543001652;0.004747230908833
sort_1;8;56000;0.505868580075912;0.013025634922087;0.143983335001394;0.126372674014419;0.005087904050015
sort_1;8;56000;0.507657873095013;0.012930482975207;0.143029415048659;0.126216183067299;0.004607617971487
sort_1;8;56000;0.505291262990795;0.012875507003628;0.145515737007372;0.126195628894493;0.004608351038769
sort_1;8;56000;0.506922730943188;0.012927829986438;0.145564972888678;0.123905059066601;0.004645013017580
sort_1;8;56000;0.536314678029157;0.012988519039936;0.149222644045949;0.126580423908308;0.006984136998653
sort_1;8;56000;0.534637989941984;0.013356382958591;0.149699665023945;0.126448657014407;0.006802367977798
sort_1;8;56000;0.505968673038296;0.013026344007812;0.146587003022432;0.125993594992906;0.004890595912002
sort_1;6;42000;0.606261965003796;0.017205982934684;0.162695609964430;0.189559596008621;0.003679518005811
sort_1;6;42000;0.594799466896802;0.017461839015596;0.168282623984851;0.190239573013969;0.005709056975320
sort_1;6;42000;0.609401901019737;0.017251198063605;0.170983819989488;0.190254578017630;0.006512630032375
sort_1;6;42000;0.605390790966339;0.017410935019143;0.170052650035359;0.189762527006678;0.006633152021095
sort_1;6;42000;0.596351605025120;0.017071841983125;0.166060723015107;0.189697332098149;0.004867153009400
sort_1;6;42000;0.603942484012805;0.017075543990359;0.170292494003661;0.189797044033185;0.006562698050402
sort_1;6;42000;0.595619364990853;0.017260777996853;0.165842444985174;0.190308058983646;0.004959848010913
sort_1;6;42000;0.594718968030065;0.017087650950998;0.165741675999016;0.189829963957891;0.004922922002152
sort_1;6;42000;0.597730751032941;0.017106506973505;0.168013070011511;0.190360314911231;0.005652909050696
sort_1;6;42000;0.606232935911976;0.017174732987769;0.170070979045704;0.190327238058671;0.006653018062934
sort_1;10;70000;0.605519820004702;0.017184669035487;0.128142950939946;0.089441349962726;0.005011965986341
sort_1;10;70000;0.564524526940659;0.018539416952990;0.141256779897958;0.089478226029314;0.004576107952744
sort_1;10;70000;0.558432511053979;0.025736746960320;0.137902342947200;0.089762288029306;0.006194174988195
sort_1;10;70000;0.604529686039314;0.032786121009849;0.127864293986931;0.089386655017734;0.005351705010980
sort_1;10;70000;0.605448687099852;0.025919258012436;0.126451328978874;0.089447516016662;0.005711994948797
sort_1;10;70000;0.604164381045848;0.029089230927639;0.127501637092791;0.089822490932420;0.006128581007943
sort_1;10;70000;0.577363608987071;0.020850188913755;0.133493713918142;0.089472122956067;0.004337950958870
sort_1;10;70000;0.566901787999086;0.023374641896226;0.126853952999227;0.089667445048690;0.005854918970726
sort_1;10;70000;0.541520311031491;0.023187648970634;0.141205313964747;0.090146002010442;0.004671277012676
sort_1;10;70000;0.622742909938097;0.025145470979623;0.137264652992599;0.089206611039117;0.005505674984306
sort_1;9;63000;0.569173709955066;0.020240720943548;0.133477973984554;0.105735447956249;0.005773270037025
sort_1;9;63000;0.600869491929188;0.025968376081437;0.140296285971999;0.122370232944377;0.004594189929776
sort_1;9;63000;0.556306393002160;0.026117032044567;0.140351159963757;0.105939163011499;0.005262034945190
sort_1;9;63000;0.556842779042199;0.024215062032454;0.137336146086454;0.104737819987349;0.003312211018056
sort_1;9;63000;0.597289839992300;0.030416922993027;0.145018766983412;0.105311805964448;0.005903995013796
sort_1;9;63000;0.578171672997996;0.028028241940774;0.134469815064222;0.105356690008193;0.005060706986114
sort_1;9;63000;0.573478403035551;0.011593580944464;0.135566465905868;0.106013213982806;0.006956508033909
sort_1;9;63000;0.579446047893725;0.011672231950797;0.135460593039170;0.105807097977959;0.007060387986712
sort_1;9;63000;0.629615943995304;0.048147035995498;0.138149654958397;0.106734138098545;0.005903444020078
sort_1;9;63000;0.572547490010038;0.011664169956930;0.135057879029773;0.105625952011906;0.006791537976824
sort_1;11;77000;0.576914079021662;0.025939814047888;0.122976460959762;0.075024196994491;0.005272140027955
sort_1;11;77000;0.553797665052116;0.018999581923708;0.129404186969623;0.074932345072739;0.004638095037080
sort_1;11;77000;0.590227148029953;0.027166208019480;0.121917985030450;0.074886708986014;0.006220954004675
sort_1;11;77000;0.599415204022080;0.025959845981561;0.125157538917847;0.075279994052835;0.004117724020034
sort_1;11;77000;0.574211844010279;0.025703105959110;0.124821754056029;0.074972529080696;0.005681943031959
sort_1;11;77000;0.564305076957680;0.022610155981965;0.128666845965199;0.075313645065762;0.003995290026069
sort_1;11;77000;0.606727738049813;0.009378247079439;0.122445402084850;0.075254890020005;0.005805401015095
sort_1;11;77000;0.587573042022996;0.022822847007774;0.122844608966261;0.074694225913845;0.003750002011657
sort_1;11;77000;0.592513717012480;0.022489647963084;0.126366892014630;0.075255731004290;0.004255404928699
sort_1;11;77000;0.573508306988515;0.022070312988944;0.123315702076070;0.074964380008169;0.005594603950158
sort_1;4;28000;0.775592262041755;0.025693414965644;0.203088614973240;0.327043480006978;0.007110528997146
sort_1;4;28000;0.775197214912623;0.025632251985371;0.203164495993406;0.328017298947088;0.007134815095924
sort_1;4;28000;0.780812617042102;0.025532308965921;0.201104725012556;0.327236801967956;0.007129422039725
sort_1;4;28000;0.769599840044975;0.025565540068783;0.201818780973554;0.327414204948582;0.007119395071641
sort_1;4;28000;0.784247566014528;0.025708472006954;0.202996078063734;0.327431184006855;0.007344288984314
sort_1;4;28000;0.785900618997402;0.025684915948659;0.202445124043152;0.328066246933304;0.007266447995789
sort_1;4;28000;0.784049781970680;0.025727770989761;0.203084529028274;0.327468228992075;0.007210075971670
sort_1;4;28000;0.779315567924641;0.025402183993720;0.204112399951555;0.327583607984707;0.007051351014525
sort_1;4;28000;0.775204728939570;0.025548023986630;0.203359609004110;0.326592462020926;0.007151574944146
sort_1;4;28000;0.778162576025352;0.025663167005405;0.202029029955156;0.325485095032491;0.007154890103266
sort_1;5;35000;0.879372386028990;0.041438384912908;0.180591079988517;0.244096840964630;0.007292050984688
sort_1;5;35000;0.838383844937198;0.033375872997567;0.180605082074180;0.242872652946971;0.007113064988516
sort_1;5;35000;0.927669329917990;0.032582232961431;0.179484873078763;0.243102679960430;0.007508132024668
sort_1;5;35000;0.864557289052755;0.033066053991206;0.178814821061678;0.243002529023215;0.007301013916731
sort_1;5;35000;0.947952036978677;0.033580685034394;0.181608590995893;0.243648230098188;0.006025230977684
sort_1;5;35000;0.767121654935181;0.033628968987614;0.180625837994739;0.243792766006663;0.008304069982842
sort_1;5;35000;0.908166753011756;0.032883082050830;0.180142923956737;0.243106884998269;0.007453502039425
sort_1;5;35000;0.778837005025707;0.031395705998875;0.179173571057618;0.266254488029517;0.006981835933402
sort_1;5;35000;0.779320025001653;0.035099536995403;0.280064831022173;0.244582347921096;0.007564187981188
sort_1;5;35000;0.946856235968880;0.033989110030234;0.181148556992412;0.243256416055374;0.005897377966903
sort_1;3;21000;0.913341799052432;0.034112629946321;0.252702206955291;0.482355544925667;0.008053528959863
sort_1;3;21000;0.913561949040741;0.033857305068523;0.252450153930113;0.482110313954763;0.008066216949373
sort_1;3;21000;0.916842982987873;0.034094579983503;0.254674948984757;0.482884007040411;0.008126701926813
sort_1;3;21000;0.916890393011272;0.034169581951573;0.253088479978032;0.482199268997647;0.008111256989650
sort_1;3;21000;0.911193051026203;0.034262515953742;0.256900764070451;0.482602717005648;0.008074355078861
sort_1;3;21000;0.912328533944674;0.033818880910985;0.252415159018710;0.482642626040615;0.008073264034465
sort_1;3;21000;0.913022321066819;0.034065598971210;0.249605623073876;0.483505881973542;0.008053673896939
sort_1;3;21000;0.911065135034733;0.034227138967253;0.252799210022204;0.482768915942870;0.008144024992362
sort_1;3;21000;0.918228566995822;0.034192522987723;0.250403585960157;0.484662514994852;0.008029354969040
sort_1;3;21000;0.916671123937704;0.033877463079989;0.253470176015981;0.480671432102099;0.007362472009845
sort_1;2;14000;1.236221279948950;0.050914981053211;0.337469364982098;0.789699272019789;0.009460904984735
sort_1;2;14000;1.237416511052288;0.050593815976754;0.339962119003758;0.788976874086075;0.009503116016276
sort_1;2;14000;1.237349175033160;0.050656539970078;0.335833890945651;0.788340913015418;0.009445618023165
sort_1;2;14000;1.233404151047580;0.050559616996907;0.337153794011101;0.787385666975752;0.009397904039361
sort_1;2;14000;1.232108358992264;0.050589809892699;0.335594958974980;0.786824615090154;0.009446848067455
sort_1;2;14000;1.232471160008572;0.050724455039017;0.333954476984218;0.787538329954259;0.009463465074077
sort_1;2;14000;1.234878542949446;0.050888978992589;0.337082402897067;0.788024113047868;0.009464284055866
sort_1;2;14000;1.233283411012962;0.050689222058281;0.335836247075349;0.789262113976292;0.009619330987334
sort_1;2;14000;1.234399128006771;0.050955971004441;0.337775641004555;0.788769674021751;0.009401054936461
sort_1;2;14000;1.228320354945026;0.050559996976517;0.335392773966305;0.788471651030704;0.009367458056659
sort_1;1;7000;2.564937200979330;0.101278803078458;0.439794835983776;1.989877684041858;0.014759666984901
sort_1;1;7000;2.556679534027353;0.100521620013751;0.437482131994329;1.984916507964954;0.014745853026398
sort_1;1;7000;2.565128534915857;0.100424287025817;0.447252828045748;1.983272076002322;0.015183991985396
sort_1;1;7000;2.557455910951830;0.100454207975417;0.437082916032523;1.985027689021081;0.015785080031492
sort_1;1;7000;2.561814966960810;0.100485578994267;0.440703782020137;1.986071343999356;0.015503905946389
sort_1;1;7000;2.561378999962471;0.100509751937352;0.443458367954008;1.982762972009368;0.015411995002069
sort_1;1;7000;2.564306972897612;0.100468456977978;0.442380879889242;1.986040440970100;0.016359835979529
sort_1;1;7000;2.569641866022721;0.099969981936738;0.449901801068336;1.984928082092665;0.015760028036311
sort_1;1;7000;2.557895484962501;0.099937385995872;0.437089642044157;1.985877542989329;0.015911618946120
sort_1;1;7000;2.567438723985106;0.100434666033834;0.448986271047033;1.983409877051599;0.015346508938819
sort_1;13;91000;0.485571410041302;0.019424733007327;0.115724586998112;0.056722008041106;0.005955151980743
sort_1;13;91000;0.463316869921982;0.008024004986510;0.115976287052035;0.056799611076713;0.006567552918568
sort_1;13;91000;0.459067561081611;0.008410059963353;0.115160905988887;0.056684565031901;0.006038430961780
sort_1;13;91000;0.475408377940767;0.014962879009545;0.116030095960014;0.056437427992932;0.005929118022323
sort_1;13;91000;0.487013380043209;0.019265959039330;0.116606489988044;0.056714358041063;0.006314413039945
sort_1;13;91000;0.456597844022326;0.008165632025339;0.116245757904835;0.057010664022528;0.006086575915106
sort_1;13;91000;0.465111300931312;0.008194174966775;0.115036924951710;0.056937098037452;0.006162050995044
sort_1;13;91000;0.467219211976044;0.008394469972700;0.115770320058800;0.056700229994021;0.006250513950363
sort_1;13;91000;0.461222026962787;0.008151532965712;0.116007230943069;0.056695180013776;0.006439317017794
sort_1;13;91000;0.461262375931256;0.008341967943124;0.115669052000158;0.057135917013511;0.006005749921314
sort_1;13;91000;0.454844341962598;0.007972916006111;0.116436132928357;0.056678259046748;0.006255835993215
sort_1;13;91000;0.462449554004706;0.008344501024112;0.117455945000984;0.056531812995672;0.006629779003561
sort_1;13;91000;0.456256806035526;0.008218609960750;0.116041774046607;0.056720921071246;0.006053709075786
sort_1;13;91000;0.476220838027075;0.019367387983948;0.115666356985457;0.056761295069009;0.006004787050188
sort_1;13;91000;0.465361088979989;0.008325475966558;0.116780782002024;0.056953691993840;0.007008510991000
sort_1;13;91000;0.450188132002950;0.008060745080002;0.115468280040659;0.056581048993394;0.006193545064889
sort_1;13;91000;0.465531061054207;0.008651699055918;0.116504734964110;0.056868246989325;0.006679126992822
sort_1;13;91000;0.462692543980666;0.008650345960632;0.116745798033662;0.056458804057911;0.006706148968078
sort_1;13;91000;0.454014297924004;0.007988892029971;0.110170011990704;0.056554417009465;0.006050675990991
sort_1;13;91000;0.461750281043351;0.008080033934675;0.116517898044549;0.056886534090154;0.006582800997421
sort_1;14;98000;0.461166102089919;0.007779153995216;0.113591738045216;0.050019509973936;0.006993051036261
sort_1;14;98000;0.461309224949218;0.007767756935209;0.113108619931154;0.049764030962251;0.007032913970761
sort_1;14;98000;0.460736718960106;0.007686167955399;0.108809400000609;0.050020921044052;0.006962362909690
sort_1;14;98000;0.470348131028004;0.008113669930026;0.113222821964882;0.049911239068024;0.006996297976002
sort_1;14;98000;0.481725197052583;0.018639252986759;0.112833926919848;0.050044097006321;0.005974879954010
sort_1;14;98000;0.479381931014359;0.019049500930123;0.113365737022832;0.050198385026306;0.005727981915697
sort_1;14;98000;0.487946314038709;0.019048745976761;0.113049010979012;0.049767495016567;0.005802105995826
sort_1;14;98000;0.479503081063740;0.018476061988622;0.107197721954435;0.049866710905917;0.006225200020708
sort_1;14;98000;0.476786918006837;0.019252270110883;0.113462536945008;0.049957240000367;0.005722190020606
sort_1;14;98000;0.479499357054010;0.019264339003712;0.112955991993658;0.049743857933208;0.005655006971210
sort_1;14;98000;0.480184358078986;0.018835332011804;0.108771353028715;0.049972750013694;0.006326462957077
sort_1;14;98000;0.462179763009772;0.007744761998765;0.112939570099115;0.049954370013438;0.006372844101861
sort_1;14;98000;0.483020943007432;0.018730883020908;0.114659298909828;0.049888144945726;0.006478475988843
sort_1;14;98000;0.482037411071360;0.018466430949047;0.112700904021040;0.049878035089932;0.006235713954084
sort_1;14;98000;0.482177096069790;0.018548913998529;0.113727706018835;0.049843237968162;0.005999473971315
sort_1;14;98000;0.482921162969433;0.018411183031276;0.113597057061270;0.049897275981493;0.006105500971898
sort_1;14;98000;0.482251466019079;0.018424104899168;0.114229558035731;0.049838135950267;0.006589460070245
sort_1;14;98000;0.458781201043166;0.008036089013331;0.112442614976317;0.049697945010848;0.006368522997946
sort_1;14;98000;0.459355496917851;0.007710434030741;0.113897660048679;0.050020570983179;0.006496026064269
sort_1;14;98000;0.475644613965414;0.018760215956718;0.112980856909417;0.049911548034288;0.006129642017186
sort_1;15;105000;0.451232632040046;0.007388122030534;0.111364102922380;0.044006037060171;0.006548788980581
sort_1;15;105000;0.444231814937666;0.007349235005677;0.111335156951100;0.044077459955588;0.006548993987963
sort_1;15;105000;0.447533439961262;0.007176912971772;0.111349917016923;0.043963522068225;0.006635072990321
sort_1;15;105000;0.449327707057819;0.007319160038605;0.110746396007016;0.044173141010106;0.006613909965381
sort_1;15;105000;0.451970829977654;0.007206519017927;0.111041586962529;0.043855879106559;0.006478011026047
sort_1;15;105000;0.454330801032484;0.007292806985788;0.105859961011447;0.043977968045510;0.006659451057203
sort_1;15;105000;0.454895899980329;0.007396391010843;0.105889171012677;0.043926838086918;0.006706434069201
sort_1;15;105000;0.448229530011304;0.007420966052450;0.110954522970133;0.044141567894258;0.006559340981767
sort_1;15;105000;0.467897497001104;0.012496575945988;0.106238840031438;0.043967565055937;0.006581075023860
sort_1;15;105000;0.458567874971777;0.007192871998996;0.110860628075898;0.043994063977152;0.006879410007969
sort_1;15;105000;0.478253246983513;0.017342934967019;0.105210906011052;0.044023448950611;0.006644090055488
sort_1;15;105000;0.500606002984568;0.007330061052926;0.105616178014316;0.043954159016721;0.006724296952598
sort_1;15;105000;0.465705787995830;0.017548428033479;0.110062349005602;0.044207500992343;0.006484988029115
sort_1;15;105000;0.468069773982279;0.017733516986482;0.110256816959009;0.044070684001781;0.006394864059985
sort_1;15;105000;0.471844375017099;0.017707986058667;0.110634291078895;0.044154027011245;0.006368167931214
sort_1;15;105000;0.460410504951142;0.017339651938528;0.110441873897798;0.044032584992237;0.006557731074281
sort_1;15;105000;0.475238684914075;0.017258081003092;0.110342039028183;0.043990444974042;0.006566452095285
sort_1;15;105000;0.464754175976850;0.013471162994392;0.110145091079175;0.044239738956094;0.006611158954911
sort_1;15;105000;0.458215669961646;0.007202683016658;0.111037404974923;0.043980409973301;0.006650815019384
sort_1;15;105000;0.461481592967175;0.016503207967617;0.111486735055223;0.044191578053869;0.006565300049260
sort_1;12;84000;0.493111761054024;0.018191886018030;0.117477998021059;0.065368467010558;0.003776672994718
sort_1;12;84000;0.494554050033912;0.024915535002947;0.117535699973814;0.065595174906775;0.003445470007136
sort_1;12;84000;0.485509152058512;0.020245566032827;0.119741035043262;0.065769220003858;0.005578838987276
sort_1;12;84000;0.490515909972601;0.021304878988303;0.116871012956835;0.065656036953442;0.003856836003251
sort_1;12;84000;0.484374101040885;0.020530706038699;0.118636302999221;0.065812116023153;0.005478631937876
sort_1;12;84000;0.496779924025759;0.024696766980924;0.117787415976636;0.065917805070058;0.003327031037770
sort_1;12;84000;0.489201916963793;0.011016636970453;0.117355142952874;0.065852639963850;0.003795166034251
sort_1;12;84000;0.481591871939600;0.020943114999682;0.119496706058271;0.065607198979706;0.005483187036589
sort_1;12;84000;0.484094635001384;0.021195983048528;0.118041746085510;0.066187686985359;0.005522807012312
sort_1;12;84000;0.484101860085502;0.021455634967424;0.118966193054803;0.065861406968907;0.005125730065629
sort_1;12;84000;0.486294592032209;0.024569062050432;0.119079581927508;0.066304721054621;0.005110514000989
sort_1;12;84000;0.489834034000523;0.025111449067481;0.117506235023029;0.065678362036124;0.003654766012914
sort_1;12;84000;0.487335097044706;0.020549562992528;0.118930754950270;0.065934802987613;0.005489672999829
sort_1;12;84000;0.488031018059701;0.025090868002735;0.118108744965866;0.064745262032375;0.003806027001701
sort_1;12;84000;0.482649188023061;0.020809652982280;0.118618795997463;0.065605232957751;0.005610642023385
sort_1;12;84000;0.487341028987430;0.020627681049518;0.118410959956236;0.065991409937851;0.005620850017294
sort_1;12;84000;0.483891232986934;0.011779288062826;0.118393181008287;0.065564995049499;0.005450736032799
sort_1;12;84000;0.492134417057969;0.012329765013419;0.116664724075235;0.065574996056966;0.003380115027539
sort_1;12;84000;0.484304050100036;0.021282827015966;0.119495413033292;0.065666269976646;0.005594088928774
sort_1;12;84000;0.491128314984962;0.025259444024414;0.120508808060549;0.064704434946179;0.005179673084058
sort_1;8;56000;0.510738590965047;0.013253331999294;0.143249526037835;0.126660741982050;0.004715166054666
sort_1;8;56000;0.511683563003317;0.012793649919331;0.144418086973019;0.126399607979693;0.004652268951759
sort_1;8;56000;0.505283136037178;0.012735587079078;0.144279691041447;0.125798929948360;0.004605805967003
sort_1;8;56000;0.507070726016536;0.013050224981271;0.144911437993869;0.126217031036504;0.004622171982192
sort_1;8;56000;0.514780316036195;0.012745392043144;0.145987068070099;0.123623805004172;0.004757269984111
sort_1;8;56000;0.528390699997544;0.012942189932801;0.147280305041932;0.126573039917275;0.006240074988455
sort_1;8;56000;0.513471642043442;0.012780708028004;0.143525937106460;0.126471490017138;0.004703012993559
sort_1;8;56000;0.517871168092825;0.012797559960745;0.145171759999357;0.126369385048747;0.004298960091546
sort_1;8;56000;0.521861942950636;0.013312093098648;0.145712401019409;0.127003472996876;0.005408277036622
sort_1;8;56000;0.503825742984191;0.012894165003672;0.143975137034431;0.126619765069336;0.004727581981570
sort_1;8;56000;0.507067844970152;0.013028605957516;0.143783231964335;0.125997418072075;0.004533190047368
sort_1;8;56000;0.508492711000144;0.013211481971666;0.143765175947919;0.126345055992715;0.004830903955735
sort_1;8;56000;0.520965210977010;0.013077366980724;0.147328002960421;0.126290838932618;0.005366249009967
sort_1;8;56000;0.534748626989312;0.013203961076215;0.151212411001325;0.126746183959767;0.006936752935871
sort_1;8;56000;0.511773942038417;0.013304784079082;0.144177159992978;0.126784299034625;0.004868972930126
sort_1;8;56000;0.508059292915277;0.013060849974863;0.147109688026831;0.126218316960149;0.005411688005552
sort_1;8;56000;0.511789773008786;0.013066007988527;0.144104131031781;0.125914222910069;0.004906671005301
sort_1;8;56000;0.505957768997177;0.013216789113358;0.144737594062462;0.126141135930084;0.004706092062406
sort_1;8;56000;0.508370909024961;0.012754834024236;0.146032345946878;0.125938668963499;0.004643329069950
sort_1;8;56000;0.505168986972421;0.013050574925728;0.141198214027099;0.125787944998592;0.005114436964504
sort_1;7;49000;0.534400910022669;0.014922960079275;0.152413391042501;0.153182381996885;0.004446247941814
sort_1;7;49000;0.531434668926522;0.014767793007195;0.152073954930529;0.152488757041283;0.004530953941867
sort_1;7;49000;0.536085268016905;0.014821797027253;0.151708590099588;0.152680426952429;0.004571451921947
sort_1;7;49000;0.532961252029054;0.014922578004189;0.151657282956876;0.151749789016321;0.004373383941129
sort_1;7;49000;0.529469922999851;0.014750616042875;0.152612946927547;0.153499562991783;0.004564402974211
sort_1;7;49000;0.531664274982177;0.014646605006419;0.150821637012996;0.153423495008610;0.004267929005437
sort_1;7;49000;0.533482042024843;0.014671711949632;0.152705850894563;0.152906024013646;0.004350312054157
sort_1;7;49000;0.532289095921442;0.014871933963150;0.152256825007498;0.153041344950907;0.004369974019937
sort_1;7;49000;0.537052010069601;0.014845222933218;0.152441313955933;0.152294559986331;0.004515562090091
sort_1;7;49000;0.530884369043633;0.014913001912646;0.152354132966138;0.152409947942942;0.004417617921717
sort_1;7;49000;0.529565394041128;0.014803705038503;0.152983739972115;0.153497594990768;0.004396450007334
sort_1;7;49000;0.537377655971795;0.014710791991092;0.151771945995279;0.152414488024078;0.004439868032932
sort_1;7;49000;0.532240790897049;0.014923423063010;0.152075306046754;0.152971424977295;0.004530571051873
sort_1;7;49000;0.534877617028542;0.014807819039561;0.151699016918428;0.152647559996694;0.004377254983410
sort_1;7;49000;0.539711926016025;0.014651811099611;0.152142128092237;0.152774480055086;0.004345610039309
sort_1;7;49000;0.532112084096298;0.014663498965092;0.151823060004972;0.153126346063800;0.004312027944252
sort_1;7;49000;0.535296262009069;0.014658998930827;0.151748887030408;0.152945137000643;0.004398594028316
sort_1;7;49000;0.531647189985961;0.014818437048234;0.150860568974167;0.153109895065427;0.004272296908312
sort_1;7;49000;0.531156154000200;0.014799797907472;0.151726979995146;0.152666217996739;0.004519592970610
sort_1;7;49000;0.533932777005248;0.014861939009279;0.151977280969732;0.152897387975827;0.004443797050044
sort_1;10;70000;0.590576314018108;0.023156468989328;0.126021283096634;0.089470822946168;0.004264094051905
sort_1;10;70000;0.573898450005800;0.030996721005067;0.127178425085731;0.089445493998937;0.006422830047086
sort_1;10;70000;0.570064741070382;0.025669784983620;0.126474148943089;0.089147094055079;0.005606908933260
sort_1;10;70000;0.545923962024972;0.027223918004893;0.143183300038800;0.089787609060295;0.005068242084235
sort_1;10;70000;0.570483741001226;0.032045098021626;0.127067049033940;0.087380971061066;0.004107474931516
sort_1;10;70000;0.575813126051798;0.022744124056771;0.126290812972002;0.089220848050900;0.003460332052782
sort_1;10;70000;0.571314611937851;0.025804970995523;0.154296430991963;0.091744008939713;0.006559037021361
sort_1;10;70000;0.587269785930403;0.025811098981649;0.127414964954369;0.089778117951937;0.006141877034679
sort_1;10;70000;0.569348940043710;0.031044989009388;0.127082888968289;0.089619947946630;0.004853893071413
sort_1;10;70000;0.581030718982220;0.025589945027605;0.135157186072320;0.090969844022766;0.005266500986181
sort_1;10;70000;0.563685197965242;0.025553224026226;0.127226131968200;0.089259805972688;0.005127219017595
sort_1;10;70000;0.575610528932884;0.023440738907084;0.133934191893786;0.089596886071377;0.003954460960813
sort_1;10;70000;0.572254708036780;0.025932379998267;0.133198200026527;0.089057092904113;0.004557689069770
sort_1;10;70000;0.554991940036416;0.029299812973477;0.142328517045826;0.089065553969704;0.006691594957374
sort_1;10;70000;0.601279512979090;0.022517671925016;0.129397138021886;0.089168877922930;0.003854271024466
sort_1;10;70000;0.555048581911251;0.023203270044178;0.132361119030975;0.089287854032591;0.003858724958263
sort_1;10;70000;0.590329477912746;0.024637439055368;0.126696752035059;0.089055623044260;0.004127528052777
sort_1;10;70000;0.612639355007559;0.025641498970799;0.142949086031877;0.089987477054819;0.006612394936383
sort_1;10;70000;0.557475201087072;0.012289273086935;0.133321371045895;0.089460348011926;0.005613893968984
sort_1;10;70000;0.552024461911060;0.025925492052920;0.132812476949766;0.090396118001081;0.004721586010419
sort_1;9;63000;0.646670362912118;0.053219062043354;0.146543003036641;0.105477888952009;0.004171802080236
sort_1;9;63000;0.602773939026520;0.023410378955305;0.142115205992013;0.106260625994764;0.005500987987034
sort_1;9;63000;0.594413212034851;0.021496513043530;0.134102251962759;0.105583532014862;0.005276823998429
sort_1;9;63000;0.627727661980316;0.024312830995768;0.137037515989505;0.105960136046633;0.005126414936967
sort_1;9;63000;0.612487465026788;0.023168175015599;0.135853372048587;0.105694302008487;0.005624352954328
sort_1;9;63000;0.573465648922138;0.014675647951663;0.137677847058512;0.106389137916267;0.005729957018048
sort_1;9;63000;0.615947721991688;0.011765370960347;0.147875255905092;0.103722053929232;0.005704695009626
sort_1;9;63000;0.601323841954581;0.023746998049319;0.150270843994804;0.102553036063910;0.005498833954334
sort_1;9;63000;0.597940706997178;0.020472895004787;0.146371113019995;0.105120072024874;0.005301692988724
sort_1;9;63000;0.588023447082378;0.023919904953800;0.138317623990588;0.107690948061645;0.005953632993624
sort_1;9;63000;0.616040820023045;0.025941772037186;0.134236237965524;0.104993782006204;0.004049484035932
sort_1;9;63000;0.572508631972596;0.011748798890039;0.135663286084309;0.106302626081742;0.007071693893522
sort_1;9;63000;0.616492097033188;0.036412399960682;0.156966421985999;0.107648497913033;0.006426385953091
sort_1;9;63000;0.589582234038971;0.019000593922101;0.140242130961269;0.106849323958158;0.006190687068738
sort_1;9;63000;0.649755483958870;0.021698319003917;0.144378077005967;0.102654148009606;0.006124787032604
sort_1;9;63000;0.561640684958547;0.024103230913170;0.142257364001125;0.105192514020018;0.004817755077966
sort_1;9;63000;0.602033345028758;0.021937884972431;0.134457431966439;0.105448479996994;0.004289122996852
sort_1;9;63000;0.570317576057278;0.011860301019624;0.137826883001253;0.106349981040694;0.007087014033459
sort_1;9;63000;0.571955427061766;0.011896616895683;0.135549437953159;0.105137641075999;0.007314316928387
sort_1;9;63000;0.575865727965720;0.011659743962809;0.135189449065365;0.102735215914436;0.007057504029945
sort_1;6;42000;0.604682030971162;0.017364208004437;0.163778114016168;0.190463863080367;0.003611463005655
sort_1;6;42000;0.600060144090094;0.017119790078141;0.168102980009280;0.189794481964782;0.005737485946156
sort_1;6;42000;0.596084277029149;0.017062037019059;0.166673390078358;0.189307886059396;0.005756455939263
sort_1;6;42000;0.595542975002900;0.017138483002782;0.168642253032885;0.189624383929186;0.005754692945629
sort_1;6;42000;0.599104044027627;0.017270703916438;0.169048534007743;0.189387065009214;0.005655923043378
sort_1;6;42000;0.598238970967941;0.016980328015052;0.165759402909316;0.189027265994810;0.004849464050494
sort_1;6;42000;0.595123374019749;0.017137920018286;0.168643026961945;0.189249226008542;0.005798466969281
sort_1;6;42000;0.589889558963478;0.017041126033291;0.166148610995151;0.189619173062965;0.004987766966224
sort_1;6;42000;0.599111753981560;0.017075462033972;0.168062785058282;0.189241196028888;0.005669622099958
sort_1;6;42000;0.592121851979755;0.017155781039037;0.166511824005283;0.189159213914536;0.004933828022331
sort_1;6;42000;0.590519179007970;0.017124891979620;0.166455822996795;0.189782776054926;0.005135278915986
sort_1;6;42000;0.599264584016055;0.017103729071096;0.168035749928094;0.190630208002403;0.005643805023283
sort_1;6;42000;0.594461768982001;0.017227328964509;0.167137599899434;0.189204917987809;0.004916346981190
sort_1;6;42000;0.602005871012807;0.017112569999881;0.168620520969853;0.189340249984525;0.005694953026250
sort_1;6;42000;0.605036163004115;0.017291024909355;0.170980945928022;0.189850560971536;0.006581001915038
sort_1;6;42000;0.598083346965723;0.017347846995108;0.168348007020541;0.189663286902942;0.005749791045673
sort_1;6;42000;0.598548259935342;0.017240941990167;0.168620274984278;0.190647370996885;0.005744471913204
sort_1;6;42000;0.597709791036323;0.017144017037936;0.167065114947036;0.189020147081465;0.005789465038106
sort_1;6;42000;0.607529116910882;0.017251597018912;0.170688040903769;0.189994512940757;0.006571019999683
sort_1;6;42000;0.601853852043860;0.017446776037104;0.167673218995333;0.189296109951101;0.005698097054847
sort_1;11;77000;0.543520861072466;0.021761665935628;0.124393420992419;0.075267630978487;0.003369748010300
sort_1;11;77000;0.614006754942238;0.031301919021644;0.150242091040127;0.074886413058266;0.002803426934406
sort_1;11;77000;0.644891347968951;0.031522316043265;0.187753503094427;0.075501675950363;0.004582089022733
sort_1;11;77000;0.552542582969181;0.026200621970929;0.128974584047683;0.075161544024013;0.004572877078317
sort_1;11;77000;0.559342656051740;0.031106616952457;0.127726497012191;0.074951375019737;0.006417481927201
sort_1;11;77000;0.573985649971291;0.020986267016269;0.124873663997278;0.074895748985000;0.003920548013411
sort_1;11;77000;0.598092044005170;0.025737346964888;0.132516907993704;0.074954558978789;0.005074894987047
sort_1;11;77000;0.599710404989310;0.027655494050123;0.122789865010418;0.074734688969329;0.004057953017764
sort_1;11;77000;0.656868219026364;0.027542595984414;0.213745846063830;0.074902244028635;0.004486795049161
sort_1;11;77000;0.584691364900209;0.022580701042898;0.122270710999146;0.075017944909632;0.004100408987142
sort_1;11;77000;0.579116681939922;0.029772078967653;0.121584233012982;0.074642768013291;0.005887579987757
sort_1;11;77000;0.577110106009059;0.022638691007160;0.131054759956896;0.075632227933966;0.004034693003632
sort_1;11;77000;0.565670016920194;0.021996526978910;0.125526826013811;0.075112137012184;0.005732084042393
sort_1;11;77000;0.712919622077607;0.022051019011997;0.153610344044864;0.075203872984275;0.003721490968019
sort_1;11;77000;0.709216212038882;0.028890623943880;0.258982570027001;0.075677266926505;0.003219467005692
sort_1;11;77000;0.691551376017742;0.027418009005487;0.172472861944698;0.075673391926102;0.005358041962609
sort_1;11;77000;0.627696729032323;0.032388197956607;0.147504462976940;0.076254195999354;0.010775296948850
sort_1;11;77000;0.582961761043407;0.022912655025721;0.139062436996028;0.075427478062920;0.005620296928100
sort_1;11;77000;0.586411125026643;0.023542977985926;0.134796840022318;0.075381048023701;0.004477803944610
sort_1;11;77000;0.580709556932561;0.025443912018090;0.129599481006153;0.075369448983110;0.004462801036425
sort_1;16;112000;0.616427283035591;0.007624479010701;0.114106567110866;0.039763948996551;0.006945334025659
sort_1;16;112000;0.626213719951920;0.007284217979759;0.114844055031426;0.039482388994657;0.006946946959943
sort_1;16;112000;0.608499586000107;0.007096496992745;0.113881347002462;0.039714922895655;0.006937977974303
sort_1;16;112000;0.626626417972147;0.007695345091633;0.114151658024639;0.039551713969558;0.006988316075876
sort_1;16;112000;0.624510922934860;0.007570262067020;0.109810603084043;0.039593737106770;0.007011363981292
sort_1;16;112000;0.602929729036987;0.007449758006260;0.109299967065454;0.039516289951280;0.006992656970397
sort_1;16;112000;0.607672916958109;0.007474244921468;0.109516960103065;0.039521676953882;0.006978319026530
sort_1;16;112000;0.615014111972414;0.007538406061940;0.108886879985221;0.039918033988215;0.007268056040630
sort_1;16;112000;0.618369944975711;0.007409458048642;0.113761454005726;0.039805501000956;0.006577169988304
sort_1;16;112000;0.612189284060150;0.007143185008317;0.109221869963221;0.039598627015948;0.006937923957594
sort_1;16;112000;0.583826228976250;0.007374651031569;0.113776498939842;0.039746699039824;0.006985716056079
sort_1;16;112000;0.620279300957918;0.007592962007038;0.112418890930712;0.039830117020756;0.007083366042934
sort_1;16;112000;0.619389061001129;0.007501755957492;0.113587166066281;0.039639360038564;0.006994175026193
sort_1;16;112000;0.614943359978497;0.007611286942847;0.113594555994496;0.039712418918498;0.007056485977955
sort_1;16;112000;0.600601730053313;0.007507817936130;0.112858479027636;0.039677842054516;0.007126802927814
sort_1;16;112000;0.615112436003983;0.007659962051548;0.114830809994601;0.039884329074994;0.007094528991729
sort_1;16;112000;0.610634069074877;0.007530366070569;0.112961341976188;0.039603796089068;0.007153957965784
sort_1;16;112000;0.605888362973928;0.007351890089922;0.113482409971766;0.039590754895471;0.006890802062117
sort_1;16;112000;0.584686530986801;0.007524184999056;0.113786682020873;0.039706196053885;0.006947378045879
sort_1;16;112000;0.609697679989040;0.007367698010057;0.112601974979043;0.039522866951302;0.007038073032163
sort_1;4;28000;0.780731392907910;0.025769444066100;0.200747334980406;0.326660519000143;0.007196526974440
sort_1;4;28000;0.771250784047879;0.025672422023490;0.203656341065653;0.329200136009604;0.007138476008549
sort_1;4;28000;0.771598121966235;0.025535364053212;0.202212476986460;0.326014201971702;0.007255765958689
sort_1;4;28000;0.775406047003344;0.025400500977412;0.201967161963694;0.328103533014655;0.007173107005656
sort_1;4;28000;0.776497389073484;0.025483850040473;0.201880899025127;0.325698548112996;0.007050162996165
sort_1;4;28000;0.783513566013426;0.025405002990738;0.202997436048463;0.328626251081005;0.007206164998934
sort_1;4;28000;0.774008337990381;0.025561498012394;0.202735486091115;0.328191695967689;0.007158549036831
sort_1;4;28000;0.777495165937580;0.025426261941902;0.202508419984952;0.326333255041391;0.007185513968579
sort_1;4;28000;0.774385456927121;0.025675588054582;0.203118041972630;0.328950828989036;0.007085043005645
sort_1;4;28000;0.779723896062933;0.025721939047799;0.202570973080583;0.326787768048234;0.007190206903033
sort_1;4;28000;0.765755318105221;0.025426320964471;0.202659351984039;0.326768912025727;0.007164672017097
sort_1;4;28000;0.785140202962793;0.025576381944120;0.203982473933138;0.328534925007261;0.007068987004459
sort_1;4;28000;0.767292599892244;0.025537290959619;0.203432586044073;0.328508271020837;0.007136123022065
sort_1;4;28000;0.782749247970060;0.025488079059869;0.202398919034749;0.326539637986571;0.007231544936076
sort_1;4;28000;0.762561098090373;0.025408082990907;0.202300764969550;0.326399481971748;0.007150168996304
sort_1;4;28000;0.775197174982168;0.025673738098703;0.202939365059137;0.326271997997537;0.007122092996724
sort_1;4;28000;0.772730187047273;0.025560857029632;0.202551302034408;0.327899747993797;0.006995308096521
sort_1;4;28000;0.778815518016927;0.025403441977687;0.203441433957778;0.327859897981398;0.007126317941584
sort_1;4;28000;0.777290035039186;0.025712082046084;0.202717584092170;0.328092494979501;0.007068798993714
sort_1;4;28000;0.771790607948788;0.025493905064650;0.203271231031977;0.326347790076397;0.007178141037002
sort_1;5;35000;0.741010736091994;0.020744943991303;0.180842351983301;0.243475037044846;0.007369622937404
sort_1;5;35000;0.860249149031006;0.032882764004171;0.180364097002894;0.243513585068285;0.007265507010743
sort_1;5;35000;0.734843112062663;0.020585046964698;0.179623274016194;0.242538514081389;0.007366452016868
sort_1;5;35000;0.869396679918282;0.033327081007883;0.181832093978301;0.242510973010212;0.007542637060396
sort_1;5;35000;0.756337828002870;0.020689876982942;0.182415477000177;0.242511954042129;0.006400762009434
sort_1;5;35000;0.763739265035838;0.020878463983536;0.180555613012984;0.244449547957629;0.006431797984987
sort_1;5;35000;0.747898128000088;0.020607748068869;0.181113790022209;0.242428463068791;0.007108795922250
sort_1;5;35000;0.761223086970858;0.020782164996490;0.182802075985819;0.242998527013697;0.006334413890727
sort_1;5;35000;0.735316650010645;0.020566403982230;0.181751281023026;0.243809752981178;0.007245586020872
sort_1;5;35000;0.775567104923539;0.020807907916605;0.183570969034918;0.243569176993333;0.006146562052891
sort_1;5;35000;0.731066314969212;0.020477146958001;0.179998744046316;0.243218736955896;0.006733109010383
sort_1;5;35000;0.760399084887467;0.032099967007525;0.178550167940557;0.243192047928460;0.006504375021905
sort_1;5;35000;0.738042981014587;0.020614947075956;0.179845536011271;0.243373655015603;0.007368266000412
sort_1;5;35000;0.736123805982061;0.020693780970760;0.179762033978477;0.243781958008185;0.007273179013282
sort_1;5;35000;0.762867902987637;0.033006533049047;0.180534532992169;0.243324163951911;0.008392959018238
sort_1;5;35000;0.757106926990673;0.020593427005224;0.180676928954199;0.244235777063295;0.006232960964553
sort_1;5;35000;0.739504143013619;0.023522531031631;0.179878655006178;0.242868172936141;0.006745020975359
sort_1;5;35000;0.942735318094492;0.032610936090350;0.178281986038201;0.242145191994496;0.005856424104422
sort_1;5;35000;0.802049269084819;0.037131111952476;0.178605925990269;0.242681097006425;0.007269621011801
sort_1;5;35000;0.954194347024895;0.037001347052865;0.181146471993998;0.243909607990645;0.005854330025613
sort_1;3;21000;0.914682897040620;0.034056516946293;0.256704044993967;0.481900073005818;0.008088118978776
sort_1;3;21000;0.917722622980364;0.034250901080668;0.252845020033419;0.485519447945990;0.008042939007282
sort_1;3;21000;0.911410111002624;0.033869983046316;0.252803122974001;0.482736604055390;0.008124280022457
sort_1;3;21000;0.911549570970237;0.033893447020091;0.252971102949232;0.482741708983667;0.008031063945964
sort_1;3;21000;0.917397822020575;0.034167587989941;0.253694363986142;0.482247281004675;0.008088269969448
sort_1;3;21000;0.916771725052968;0.034319679019973;0.252610709983855;0.482797897071578;0.008061691070907
sort_1;3;21000;0.919132785056718;0.034014139906503;0.252010173979215;0.482904040953144;0.007983837975189
sort_1;3;21000;0.914644366013817;0.034230868914165;0.252764460979961;0.482686429051682;0.008042669040151
sort_1;3;21000;0.917534735985100;0.034074114053510;0.252677401062101;0.482557100942358;0.008098152000457
sort_1;3;21000;0.916756803984754;0.033982714056037;0.253186681075022;0.481467777979560;0.007221468025818
sort_1;3;21000;0.914529929053970;0.034040165017359;0.251529679982923;0.482747286907397;0.008034763042815
sort_1;3;21000;0.914953120984137;0.034173049032688;0.254179989919066;0.482982923975214;0.008087266003713
sort_1;3;21000;0.918443655944429;0.034155015950091;0.257166811032221;0.483856268925592;0.008077951963060
sort_1;3;21000;0.914423499954864;0.033927727956325;0.251333252992481;0.481639147968963;0.007257984019816
sort_1;3;21000;0.916551699046977;0.034080636920407;0.255988119984977;0.483241455047391;0.008015044964850
sort_1;3;21000;0.917455653077923;0.033861907082610;0.251061439048499;0.483769507962279;0.008054388919845
sort_1;3;21000;0.913411026005633;0.034149542101659;0.250951449037530;0.482806957093999;0.007995891035534
sort_1;3;21000;0.912669326062314;0.034291089978069;0.252771843923256;0.480878917966038;0.008041572989896
sort_1;3;21000;0.916262425947934;0.034235665109009;0.254293574951589;0.483278302010149;0.008035980979912
sort_1;3;21000;0.915303084999323;0.033867461956106;0.251530857989565;0.482734201010317;0.008009616052732
sort_1;2;14000;1.234508619992994;0.050624358933419;0.334958448074758;0.788274723105133;0.009411177015863
sort_1;2;14000;1.230206417036243;0.050225415034220;0.334505948005244;0.788484849967062;0.009432523977011
sort_1;2;14000;1.230884726974182;0.050430139992386;0.333441042923369;0.786666253930889;0.009427183074877
sort_1;2;14000;1.229633942944929;0.050225623999722;0.334995100041851;0.787766196997836;0.009440476074815
sort_1;2;14000;1.233779702102765;0.050556881004013;0.334311682963744;0.786265729926527;0.009376925998367
sort_1;2;14000;1.231712583103217;0.050620662979782;0.333517140010372;0.786735730012879;0.009379188995808
sort_1;2;14000;1.236471610027365;0.050574699998833;0.335836075013503;0.787584207020700;0.009559071972035
sort_1;2;14000;1.238330702995881;0.050674368976615;0.335206347983330;0.789507134933956;0.009493001969531
sort_1;2;14000;1.234704077010974;0.050684412010014;0.338617303059436;0.787895187037066;0.009344474994577
sort_1;2;14000;1.234836737974547;0.050850194995292;0.334360996028408;0.787410432007164;0.009478805935942
sort_1;2;14000;1.233553871978074;0.050947431940585;0.334414970944636;0.788631509058177;0.009450627025217
sort_1;2;14000;1.231272774981335;0.050899742986076;0.335703457938507;0.787315357010812;0.009402930038050
sort_1;2;14000;1.235125810024329;0.050579193048179;0.339711106033064;0.786686911014840;0.009375651949085
sort_1;2;14000;1.230874089058489;0.050559221999720;0.335152557003312;0.787110466975719;0.009440236026421
sort_1;2;14000;1.229752845014445;0.050246719969437;0.334367456962354;0.787000171025284;0.009351370041259
sort_1;2;14000;1.226836540969089;0.050578769994900;0.334154672920704;0.786755384993739;0.009339871001430
sort_1;2;14000;1.233937376993708;0.050565274897963;0.338235997944139;0.787240069010295;0.009359497926198
sort_1;2;14000;1.234654261963442;0.050456724013202;0.339688292006031;0.787617185967974;0.009364471072331
sort_1;2;14000;1.236284106969833;0.050546661019325;0.336628557997756;0.785313321975991;0.009420181973837
sort_1;2;14000;1.231091747060418;0.050557137932628;0.335021162987687;0.786959505989216;0.009370530955493
sort_1;1;7000;2.560729733086191;0.101241045049392;0.439933354035020;1.984245746978559;0.016301645082422
sort_1;1;7000;2.566090082982555;0.100023624021560;0.440773110021837;1.989867147989571;0.016361396061257
sort_1;1;7000;2.559225711971521;0.099864165065810;0.440518105053343;1.984255636925809;0.015489837969653
sort_1;1;7000;2.556401654961519;0.100559286074713;0.439724426018074;1.981271435972303;0.015787319978699
sort_1;1;7000;2.564474083017558;0.100538951926865;0.439999953028746;1.988484305911697;0.016365829040296
sort_1;1;7000;2.570351294009015;0.099581331014633;0.450003333971836;1.985012575984001;0.016500868019648
sort_1;1;7000;2.561830808990635;0.099460617988370;0.438336341991089;1.988796198973432;0.016191159957089
sort_1;1;7000;2.571259737014771;0.100168792996556;0.448800212005153;1.986534427967854;0.016469281981699
sort_1;1;7000;2.557846001931466;0.099996863049455;0.439320696983486;1.983170480001718;0.016335255000740
sort_1;1;7000;2.577764717978425;0.100120850955136;0.450980062014423;1.990881204954349;0.016506231040694
sort_1;1;7000;2.557684035971761;0.100150416023098;0.437169297016226;1.984972887090407;0.016366107040085
sort_1;1;7000;2.565983908018097;0.100047926069237;0.445239193970338;1.985272453050129;0.016309390077367
sort_1;1;7000;2.573174819000997;0.100246704998426;0.449209072045051;1.987983667058870;0.016508057015017
sort_1;1;7000;2.557943728985265;0.099948621937074;0.439316511969082;1.983202536008321;0.016411971999332
sort_1;1;7000;2.572749782004394;0.100075972033665;0.448657338973135;1.988867311039940;0.015934728085995
sort_1;1;7000;2.567899525980465;0.100488774012774;0.450191057985649;1.982841742923483;0.015344709972851
sort_1;1;7000;2.572646806016564;0.100517031969503;0.451162379002199;1.986687748925760;0.015064100036398
sort_1;1;7000;2.558365948032588;0.100003557978198;0.440190585912205;1.983626468922012;0.015475179068744
sort_1;1;7000;2.564452691003680;0.100499907042831;0.441046228981577;1.987720782053657;0.015922271995805
sort_1;1;7000;2.559100663056597;0.100538769969717;0.439166356925853;1.984028984908946;0.016319315996952
sort_1;14;98000;0.466309427982196;0.007688996032812;0.108231881982647;0.049691249965690;0.006898095016368
sort_1;14;98000;0.459411959978752;0.007875789073296;0.113172783982009;0.049934864975512;0.007054222980514
sort_1;14;98000;0.464264573995024;0.007748831063509;0.112541760085151;0.049703091033734;0.006930364063010
sort_1;14;98000;0.462772885104641;0.007831041002646;0.113352656015195;0.049716709996574;0.006953762029298
sort_1;14;98000;0.461450871080160;0.007874250062741;0.113562844926491;0.049968385952525;0.007005632971413
sort_1;14;98000;0.462432516971603;0.007749788928777;0.113566330983303;0.049920991994441;0.007015424896963
sort_1;14;98000;0.460496527957730;0.007816681987606;0.113756495062262;0.049982349970378;0.006903239060193
sort_1;14;98000;0.461486286949366;0.008041513967328;0.113562915008515;0.049820731976070;0.007066979072988
sort_1;14;98000;0.468464778037742;0.007865480030887;0.112933784956113;0.049801461980678;0.007047736085951
sort_1;14;98000;0.457902377005666;0.007788741029799;0.113352097105235;0.049825365073048;0.007012366084382
sort_1;14;98000;0.462804698036052;0.007873952039517;0.114150003995746;0.049747601966374;0.007016994990408
sort_1;14;98000;0.460941909928806;0.007779950974509;0.113417593063787;0.050139978062361;0.006942965090275
sort_1;14;98000;0.462133252061903;0.007841842016205;0.113059574039653;0.049715372035280;0.007011464098468
sort_1;14;98000;0.460920348996297;0.007775085046887;0.113409281941131;0.049710790975951;0.006881466018967
sort_1;14;98000;0.462177705951035;0.008056762977503;0.113131765043363;0.049943036981858;0.007026273990050
sort_1;14;98000;0.485895689926110;0.020014006993733;0.112547842902131;0.050046419026330;0.005630534025840
sort_1;14;98000;0.482676796033047;0.018793989904225;0.113240942009725;0.050001631956547;0.006412422982976
sort_1;14;98000;0.484099064022303;0.018086584983394;0.113392823026516;0.050012339954264;0.006452144938521
sort_1;14;98000;0.481124423909932;0.019197965972126;0.113142051035538;0.049931670073420;0.006376165081747
sort_1;14;98000;0.457899152999744;0.007865388062783;0.113111576996744;0.050230287946761;0.006428718101233
sort_1;15;105000;0.458291436079890;0.007364324992523;0.106493344064802;0.044281143927947;0.007193653960712
sort_1;15;105000;0.454123432980850;0.007275152020156;0.105917013017461;0.044068087940104;0.006622408982366
sort_1;15;105000;0.460505273076706;0.007474459940568;0.112335305078886;0.044093229924329;0.006988133070990
sort_1;15;105000;0.453761294018477;0.007349113002419;0.105934488005005;0.043819374986924;0.006614647922106
sort_1;15;105000;0.463037580950186;0.017541568027809;0.111161468084902;0.043833396048285;0.006516551016830
sort_1;15;105000;0.452606963925064;0.007246439927258;0.104682786972262;0.043985294993035;0.006791441002861
sort_1;15;105000;0.453744773985818;0.007270541973412;0.106386029976420;0.044174448004924;0.006836898042820
sort_1;15;105000;0.455738980905153;0.007388598984107;0.105132377007976;0.044064242043532;0.006639951025136
sort_1;15;105000;0.470091681927443;0.017316726036370;0.105823441990651;0.043813440017402;0.006578487926163
sort_1;15;105000;0.454581861966290;0.007537237019278;0.110899419058114;0.043990452075377;0.006824646960013
sort_1;15;105000;0.476172263966873;0.016780158039182;0.111278385040350;0.044087636983022;0.006744241924025
sort_1;15;105000;0.457023752969690;0.007153564016335;0.112039319006726;0.044135484960862;0.007145688985474
sort_1;15;105000;0.472326483111829;0.017523325979710;0.109955749940127;0.044040363980457;0.006470163934864
sort_1;15;105000;0.457993663032539;0.007482034969144;0.105021968018264;0.043886719038710;0.006603018962778
sort_1;15;105000;0.458256506011821;0.007185553084128;0.109351107035764;0.044479541946203;0.006440319004469
sort_1;15;105000;0.455810741055757;0.007329476065934;0.104993397020735;0.043866346008144;0.006717849057168
sort_1;15;105000;0.459924233960919;0.017330636037514;0.110564594971947;0.043888053041883;0.006499330978841
sort_1;15;105000;0.460168663994409;0.007615510025062;0.111655236920342;0.044077145983465;0.006690290989354
sort_1;15;105000;0.460140035953373;0.007282053004019;0.111859473050572;0.043973478954285;0.007096959045157
sort_1;15;105000;0.456156237982213;0.007490737945773;0.111445300048217;0.043988790013827;0.006771865068004
sort_1;13;91000;0.461505488958210;0.008296996005811;0.115919709089212;0.056887194979936;0.006829431978986
sort_1;13;91000;0.461996610974893;0.008073205011897;0.115104722906835;0.057057267986238;0.006809621001594
sort_1;13;91000;0.463321495102718;0.008269907906651;0.115190029959194;0.056784323998727;0.006601914996281
sort_1;13;91000;0.460473604034632;0.008116230019368;0.116615287959576;0.056703801965341;0.006673385039903
sort_1;13;91000;0.464184703072533;0.008146488922648;0.115144812967628;0.056959450943395;0.006637691985816
sort_1;13;91000;0.458083659061231;0.008006302989088;0.116850103018805;0.057218997972086;0.006619651918299
sort_1;13;91000;0.462650179979391;0.008095970028080;0.116716330987401;0.056997084058821;0.006673316936940
sort_1;13;91000;0.462556269019842;0.007997313980013;0.116738792043179;0.056946085998788;0.006649469025433
sort_1;13;91000;0.458250134019181;0.008061878965236;0.115450388984755;0.056820085970685;0.006753349094652
sort_1;13;91000;0.460018455050886;0.008212389075197;0.115242552943528;0.056988313910551;0.006636849953793
sort_1;13;91000;0.458380948984995;0.008036480983719;0.115229830960743;0.056738117011264;0.006630735006183
sort_1;13;91000;0.462467735982500;0.008226133999415;0.115241221967153;0.056756844976917;0.006717546028085
sort_1;13;91000;0.461609976016916;0.008194628986530;0.115244703018107;0.057008389034308;0.006659512990154
sort_1;13;91000;0.467536951997317;0.008269567042589;0.116148084984161;0.056834407965653;0.007310029002838
sort_1;13;91000;0.458835320081562;0.007973195984960;0.116304991068318;0.056739439954981;0.006728705950081
sort_1;13;91000;0.461978920036927;0.008053977973759;0.116891207057051;0.056616639951244;0.006719432072714
sort_1;13;91000;0.470092982985079;0.008737172931433;0.118095774902031;0.056919656926766;0.007401031907648
sort_1;13;91000;0.460962619981728;0.008010733057745;0.117519733961672;0.056958747911267;0.006783052929677
sort_1;13;91000;0.464053126052022;0.008269025012851;0.115716516971588;0.056750895921141;0.007228299975395
sort_1;13;91000;0.458645645994693;0.008240081951953;0.116612607031129;0.056855272036046;0.006700047990307
sort_1;8;56000;0.514628104050644;0.013271527015604;0.141376291983761;0.126079584006220;0.004269576980732
sort_1;8;56000;0.504206121899188;0.013334171031602;0.144705326994881;0.126525487052277;0.004654165939428
sort_1;8;56000;0.509129453916103;0.013280052924529;0.142858775099739;0.126652279985137;0.003934776992537
sort_1;8;56000;0.510991464019753;0.013181018061005;0.142741376999766;0.126530930981971;0.003992415033281
sort_1;8;56000;0.534412649925798;0.013083303929307;0.149757280014455;0.127068632049486;0.006881107925437
sort_1;8;56000;0.535597175010480;0.013016892946325;0.150091505027376;0.126936394022778;0.007008081069216
sort_1;8;56000;0.505556658958085;0.013265265966766;0.144734992994927;0.126707340008579;0.004821740905754
sort_1;8;56000;0.507282829028554;0.012994025018997;0.143661511945538;0.126710911048576;0.004756557056680
sort_1;8;56000;0.509433991042897;0.013001234969124;0.144158935057931;0.126342455972917;0.005160456057638
sort_1;8;56000;0.506422698963434;0.013200882007368;0.144836951978505;0.124770526075736;0.004675968899392
sort_1;8;56000;0.506273630075157;0.013215938000940;0.143729759030975;0.126168669085018;0.004754297900945
sort_1;8;56000;0.510326471994631;0.012855849927291;0.142609381000511;0.126357666100375;0.003974324092269
sort_1;8;56000;0.521837570006028;0.013135334011167;0.144111740984954;0.126767105073668;0.004629172035493
sort_1;8;56000;0.535756187979132;0.013066379004158;0.149805755005218;0.127280117012560;0.006907180999406
sort_1;8;56000;0.513527482049540;0.013049313914962;0.144371210946701;0.126898245071061;0.004809968988411
sort_1;8;56000;0.505417603999376;0.012984142987989;0.146504115895368;0.126069238991477;0.005430737044662
sort_1;8;56000;0.508600105065852;0.013113773893565;0.144045789027587;0.125741173047572;0.004610634990968
sort_1;8;56000;0.504000070970505;0.013113224995323;0.143924201955087;0.125899822101928;0.004729383043014
sort_1;8;56000;0.507024431019090;0.013146767974831;0.147696500062011;0.126609498984180;0.005507483961992
sort_1;8;56000;0.508126574102789;0.013230397948064;0.141935921972618;0.126295530935749;0.004113974049687
sort_1;7;49000;0.525556104024872;0.014632322010584;0.152350183925591;0.152944966917858;0.004534603096545
sort_1;7;49000;0.535860256059095;0.014870966086164;0.152186449966393;0.153117443085648;0.004373920033686
sort_1;7;49000;0.532140876050107;0.014659596956335;0.151626786915585;0.152966755093075;0.004556249943562
sort_1;7;49000;0.530600375030190;0.014743405976333;0.152869008947164;0.152823393000290;0.004530044039711
sort_1;7;49000;0.533469952060841;0.014766862965189;0.152129919966683;0.153035387978889;0.004375527962111
sort_1;7;49000;0.535345618030988;0.014763906947337;0.150946853915229;0.153216775041074;0.004558502929285
sort_1;7;49000;0.535008833976462;0.014659738051705;0.152246640995145;0.152627571951598;0.004423887003213
sort_1;7;49000;0.535460439976305;0.014872760046273;0.151931768981740;0.152983222971670;0.004341472988017
sort_1;7;49000;0.536560612032190;0.014792256988585;0.152800817042589;0.152619909960777;0.004469527048059
sort_1;7;49000;0.528677682974376;0.014984008041210;0.152436238946393;0.152786760008894;0.004395994008519
sort_1;7;49000;0.532979561947286;0.014638383057900;0.153292076080106;0.152462038095109;0.004383075051010
sort_1;7;49000;0.530999256996438;0.014990763971582;0.151790361036547;0.153269374975935;0.004486848018132
sort_1;7;49000;0.531311195925809;0.014710442977957;0.152651960961521;0.153773464029655;0.004641614039429
sort_1;7;49000;0.534957136027515;0.014943858026527;0.152053778991103;0.152751022018492;0.004439843003638
sort_1;7;49000;0.532621765974909;0.014858404058032;0.152007033000700;0.152579172048718;0.004342266009189
sort_1;7;49000;0.532834515906870;0.014868942904286;0.150488726911135;0.152254106011242;0.004362937994301
sort_1;7;49000;0.531458317069337;0.014922489994206;0.151258224039339;0.152473907102831;0.004502175026573
sort_1;7;49000;0.534514397964813;0.014739043079317;0.150595387909561;0.152373136021197;0.004351512994617
sort_1;7;49000;0.536733743036166;0.014675664016977;0.150587891926989;0.152510347892530;0.004479376948439
sort_1;7;49000;0.531101101078093;0.014927514013834;0.152121291961521;0.153017352917232;0.004410449066199
sort_1;12;84000;0.516635935986415;0.020532742026262;0.125314400065690;0.066038287943229;0.003945135045797
sort_1;12;84000;0.492131132981740;0.020724787958898;0.125308210030198;0.065687496098690;0.007354828994721
sort_1;12;84000;0.532952327979729;0.008797231013887;0.118333112914115;0.065887053962797;0.003419501008466
sort_1;12;84000;0.576764705008827;0.021003586938605;0.124305007979274;0.065750780049711;0.004113679053262
sort_1;12;84000;0.556185303023085;0.021037069964223;0.118784360005520;0.066078453906812;0.004824073985219
sort_1;12;84000;0.531523377983831;0.021064135944471;0.116717103985138;0.065847911057062;0.003573980997317
sort_1;12;84000;0.500286845955998;0.020651129074395;0.124289577943273;0.066266095964238;0.005613772082143
sort_1;12;84000;0.528445680043660;0.021382258972153;0.129543192917481;0.066122660995461;0.005506581044756
sort_1;12;84000;0.494061620905995;0.019966786028817;0.117947450024076;0.065939728054218;0.003777167992666
sort_1;12;84000;0.538046560017392;0.008698471938260;0.119306621025316;0.065544134005904;0.004069191985764
sort_1;12;84000;0.558618552982807;0.009217909071594;0.118381412001327;0.065476490999572;0.003983980044723
sort_1;12;84000;0.554638443049043;0.009090037900023;0.118112359079532;0.065739344921894;0.003985871095210
sort_1;12;84000;0.539278723997995;0.008992236922495;0.118987160036340;0.065840956987813;0.004112692084163
sort_1;12;84000;0.555892654927447;0.008771835942753;0.118891340098344;0.065234270063229;0.004030346986838
sort_1;12;84000;0.545017171069048;0.009252573945560;0.118361219996586;0.065516475006007;0.004002275993116
sort_1;12;84000;0.540844446979463;0.009039620053954;0.118064946960658;0.065166059997864;0.003944435971789
sort_1;12;84000;0.540359177044593;0.008985197055154;0.118326661991887;0.065756179043092;0.003974182996899
sort_1;12;84000;0.567426976049319;0.008878585998900;0.118387694936246;0.065929393051192;0.004258641041815
sort_1;12;84000;0.485579094034620;0.020804429077543;0.120613149949349;0.065901475958526;0.005419397028163
sort_1;12;84000;0.547096287948079;0.015167974983342;0.118522032978944;0.065461053978652;0.004110704059713
sort_1;6;42000;0.598302459926344;0.017402032972313;0.168990846024826;0.190237457980402;0.005700108944438
sort_1;6;42000;0.597698636003770;0.017166333040223;0.168803506996483;0.189147060038522;0.005767563008703
sort_1;6;42000;0.597802098956890;0.017359755933285;0.169008645112626;0.189656589063816;0.005754602956586
sort_1;6;42000;0.598890303983353;0.017069770023227;0.168190964031965;0.189186651026830;0.005706479074433
sort_1;6;42000;0.590412860037759;0.017310868017375;0.166535942000337;0.189478143001907;0.004960520076565
sort_1;6;42000;0.589659187011421;0.017232746002264;0.167409304063767;0.189933398971334;0.005069947917946
sort_1;6;42000;0.602342237019911;0.017325291992165;0.171172574046068;0.190015124971978;0.006594561971724
sort_1;6;42000;0.607218088000081;0.017321611987427;0.170342664932832;0.190120299928822;0.006616806960665
sort_1;6;42000;0.594267478096299;0.017327934037894;0.168724984978326;0.189379586954601;0.005629441002384
sort_1;6;42000;0.602068508975208;0.017153311986476;0.166847888962366;0.189274164033122;0.005774745950475
sort_1;6;42000;0.603405984002165;0.017290810006671;0.171226494014263;0.189331434085034;0.006666860077530
sort_1;6;42000;0.597731265937909;0.017156623071060;0.167823802097701;0.190206347033381;0.004950376925990
sort_1;6;42000;0.587901858962141;0.017067099106498;0.166824972955510;0.190024552983232;0.004931046045385
sort_1;6;42000;0.601981066050939;0.017371656955220;0.170368550927378;0.189509904012084;0.006675533950329
sort_1;6;42000;0.600493471021764;0.017340675927699;0.166722569963895;0.189267324982211;0.004885834991001
sort_1;6;42000;0.590970517951064;0.017320658895187;0.165573650039732;0.189364259946160;0.004925457993522
sort_1;6;42000;0.599127757945098;0.017144637997262;0.170733736013062;0.189871298964135;0.006555213010870
sort_1;6;42000;0.596528441063128;0.017211711034179;0.166204425971955;0.189691286068410;0.004895020043477
sort_1;6;42000;0.600614781025797;0.017324581975117;0.168464572983794;0.189683281001635;0.005708523909561
sort_1;6;42000;0.601560437004082;0.017091404995881;0.171279347967356;0.189972374937497;0.006773917935789
sort_1;9;63000;0.632792338030413;0.049062824924476;0.139952446101233;0.106260346947238;0.004845671006478
sort_1;9;63000;0.612509949016385;0.026139119989239;0.144493906060234;0.105400549015030;0.005499921971932
sort_1;9;63000;0.662163563072681;0.026935486006550;0.146913505974226;0.104991753003560;0.005376616958529
sort_1;9;63000;0.573281476972625;0.011847342946567;0.135432857903652;0.103249422041699;0.007382021984085
sort_1;9;63000;0.571606889017858;0.011695552966557;0.135797174065374;0.105663878028281;0.007083509932272
sort_1;9;63000;0.584161548060365;0.024512346019037;0.146165909012780;0.105159416096285;0.006642012973316
sort_1;9;63000;0.632459369953722;0.025957977981307;0.143924211966805;0.105539944022894;0.006150456960313
sort_1;9;63000;0.615605529048480;0.023718358948827;0.138489229953848;0.105550735024735;0.005853500915691
sort_1;9;63000;0.554629234015010;0.011559479986317;0.134055145084858;0.106022356078029;0.006212319945917
sort_1;9;63000;0.572826917981729;0.027093559037894;0.133580243913457;0.103200191049837;0.005453955964185
sort_1;9;63000;0.635143891093321;0.026208413997665;0.133817767025903;0.104822651948780;0.004273770027794
sort_1;9;63000;0.571883494034410;0.011653441004455;0.135852189036086;0.106076856958680;0.006984080071561
sort_1;9;63000;0.611942918039858;0.022152088000439;0.133903120993637;0.102198151056655;0.003618477028795
sort_1;9;63000;0.589624148909934;0.023546359967440;0.141087270923890;0.106088762986474;0.005288191954605
sort_1;9;63000;0.564588097971864;0.026891033048742;0.132556430995464;0.104954275069758;0.003811630071141
sort_1;9;63000;0.579139623907395;0.025963252061047;0.140699133975431;0.105482327984646;0.004922547959723
sort_1;9;63000;0.612286312039942;0.025966580957174;0.143020090996288;0.105480171041563;0.005499326973222
sort_1;9;63000;0.594174494966865;0.024114936008118;0.134898892953061;0.105332943960093;0.004451985005289
sort_1;9;63000;0.574311411008239;0.011707370984368;0.135120961000212;0.105613303021528;0.007175370934419
sort_1;9;63000;0.568417649948969;0.011844001943246;0.134358476963826;0.105935480096377;0.006904394947924
sort_1;10;70000;0.594256636919454;0.029252676991746;0.130218447069637;0.088862405042164;0.003993515972979
sort_1;10;70000;0.597370520001277;0.031146951019764;0.134043173049577;0.086998563958332;0.003334454959258
sort_1;10;70000;0.620900125941262;0.023415348026901;0.196012284955941;0.089890267001465;0.004974258947186
sort_1;10;70000;0.602450147969648;0.026689379010350;0.200528167071752;0.090284556965344;0.005268972017802
sort_1;10;70000;0.572934506926686;0.023743270081468;0.181715582963079;0.089879408944398;0.005483494955115
sort_1;10;70000;0.575962455943227;0.022936791996472;0.131533634965308;0.089204376097769;0.004505923017859
sort_1;10;70000;0.601129472954199;0.025937912054360;0.217581062112004;0.089045141008683;0.003515279036947
sort_1;10;70000;0.608505849028006;0.027049103984609;0.132954230997711;0.089638137957081;0.003865108010359
sort_1;10;70000;0.570560338906944;0.033498375094496;0.139035032014363;0.089642103062943;0.006566255004145
sort_1;10;70000;0.556030404986814;0.014800974982791;0.136964114033617;0.089757152018137;0.005009581916966
sort_1;10;70000;0.599759710021317;0.032712131040171;0.169341876986437;0.088298641960137;0.004787942045368
sort_1;10;70000;0.569345470983535;0.024314527981915;0.133839537040330;0.089864302077331;0.004028126946650
sort_1;10;70000;0.561097700963728;0.028507002978586;0.130491215037182;0.089883150067180;0.004475343972445
sort_1;10;70000;0.597073792014271;0.030058952048421;0.127136082039215;0.089296572958119;0.006360478932038
sort_1;10;70000;0.570564156048931;0.022613259963691;0.128135212929919;0.089355773990974;0.004309079027735
sort_1;10;70000;0.570663549005985;0.025312533951364;0.128234836971387;0.089857273967937;0.004205956007354
sort_1;10;70000;0.567704072105698;0.025624176952988;0.132263613981195;0.089667284977622;0.006192694068886
sort_1;10;70000;0.646070061950013;0.022643496980891;0.218676174059510;0.089401602977887;0.004096830030903
sort_1;10;70000;0.588419781997800;0.020807197899558;0.127369240042754;0.089694141992368;0.004491188097745
sort_1;10;70000;0.687614455004223;0.031049894052558;0.209505588049069;0.089434817084111;0.004144149948843
sort_1;16;112000;0.628449253039435;0.007811735966243;0.115226269001141;0.039605908095837;0.006932659074664
sort_1;16;112000;0.613505184068345;0.007542068022303;0.114862442016602;0.039738663937896;0.006942825973965
sort_1;16;112000;0.612962362007238;0.007792475051247;0.114741356112063;0.039591865963303;0.006859892047942
sort_1;16;112000;0.610702992998995;0.007701462949626;0.114898471045308;0.039786320063286;0.006912417942658
sort_1;16;112000;0.614395590964705;0.007802275009453;0.114085088949651;0.039677425986156;0.007001792080700
sort_1;16;112000;0.627718200092204;0.007569166948088;0.114378085942008;0.039660234004259;0.007027792977169
sort_1;16;112000;0.633404311956838;0.007603735080920;0.115035284077749;0.039719927008264;0.006996901007369
sort_1;16;112000;0.615707203047350;0.007779162027873;0.114974317955784;0.039695562911220;0.006995572010055
sort_1;16;112000;0.612531702034175;0.007653643959202;0.115999812027439;0.039834687020630;0.006968940957449
sort_1;16;112000;0.614623776986264;0.007624538964592;0.114837632048875;0.039654794964008;0.006923854001798
sort_1;16;112000;0.627817015978508;0.007550845970400;0.114534760010429;0.039576321025379;0.007055760012008
sort_1;16;112000;0.626380330999382;0.007728739990853;0.109625085955486;0.039735186030157;0.007013050024398
sort_1;16;112000;0.627436834969558;0.007541619008407;0.114757320960052;0.039638827904128;0.007058200077154
sort_1;16;112000;0.600232267053798;0.007555105956271;0.113819324993528;0.039617359987460;0.007071151980199
sort_1;16;112000;0.596900987089612;0.007710751029663;0.108653130941093;0.039678642991930;0.006951741059311
sort_1;16;112000;0.467178851016797;0.007575478986837;0.104059163946658;0.039120675995946;0.007157248910517
sort_1;16;112000;0.458135674940422;0.006771901040338;0.104480780893937;0.039302952936850;0.007183965994045
sort_1;16;112000;0.461084386915900;0.006805378943682;0.108837538980879;0.039309659972787;0.006994835101068
sort_1;16;112000;0.464363127946854;0.006821905029938;0.108772606938146;0.039540641941130;0.007273136987351
sort_1;16;112000;0.459808122948743;0.006789856008254;0.109570453991182;0.039248385000974;0.007167247938924
sort_1;11;77000;0.563480094075203;0.016630497062579;0.127295134938322;0.075021659955382;0.003690598998219
sort_1;11;77000;0.611582039971836;0.025570911937393;0.152034510974772;0.076157610048540;0.005830446956679
sort_1;11;77000;0.669700303929858;0.031488632899709;0.191098222974688;0.075533366994932;0.006198949995451
sort_1;11;77000;0.744532151962630;0.035846160026267;0.256735251052305;0.109496443998069;0.006710925954394
sort_1;11;77000;0.592297341907397;0.025957130943425;0.134320523007773;0.075402986956760;0.004939865088090
sort_1;11;77000;0.796798237948678;0.031039075925946;0.234130003023893;0.076125498977490;0.004230974009261
sort_1;11;77000;0.676228450960480;0.025888968957588;0.170661665033549;0.075388829922304;0.006188482977450
sort_1;11;77000;0.686544802971184;0.030718380934559;0.190337623003870;0.074708090978675;0.004479432944208
sort_1;11;77000;0.690745498053730;0.034602368017659;0.239016623003408;0.074805172043853;0.003327268990688
sort_1;11;77000;0.560603545047343;0.031154997996055;0.140032817027532;0.075543668936007;0.005787245929241
sort_1;11;77000;0.711445263004862;0.026549434056506;0.211918376036920;0.075305217993446;0.004324874025770
sort_1;11;77000;0.607796865981072;0.031802461016923;0.134548682952300;0.075595643953420;0.005069011007436
sort_1;11;77000;0.726599402027205;0.027556249988265;0.239685785025358;0.075137959909625;0.004747436032631
sort_1;11;77000;0.623355626943521;0.031083225971088;0.174006699002348;0.075712263002060;0.004672877024859
sort_1;11;77000;0.737808007979766;0.032514738966711;0.135288128978573;0.075253312941641;0.006160399992950
sort_1;11;77000;0.566358215990476;0.034753844025545;0.133096679113805;0.075501034967601;0.005200544954278
sort_1;11;77000;0.674791815923527;0.029289379017428;0.221971748978831;0.074894813005812;0.002940227976069
sort_1;11;77000;0.549889266025275;0.022415318060666;0.133423827006482;0.090275314985774;0.004413060960360
sort_1;11;77000;0.552975847967900;0.022435224032961;0.132680570008233;0.076482914970256;0.005043049925007
sort_1;11;77000;0.732927570003085;0.025315831997432;0.131988904089667;0.075311447028071;0.004119562101550
sort_1;4;28000;0.780384207027964;0.025484274956398;0.202617162023671;0.326087031979114;0.007186186034232
sort_1;4;28000;0.783489480963908;0.025706311920658;0.202551572001539;0.327925145043992;0.007159167085774
sort_1;4;28000;0.781830421998166;0.025598193984479;0.202264528023079;0.327518441015854;0.007100219023414
sort_1;4;28000;0.772753530065529;0.025737909949385;0.202126413933001;0.328813564963639;0.007071426953189
sort_1;4;28000;0.783095570048317;0.025460006087087;0.201878436026163;0.327516388962977;0.007114280946553
sort_1;4;28000;0.785831967019476;0.025671705021523;0.202437481028028;0.327576029929332;0.007296834955923
sort_1;4;28000;0.782238814048469;0.025536280940287;0.201320986961946;0.328096403973177;0.007082343916409
sort_1;4;28000;0.780180358910002;0.025446436018683;0.202185842092149;0.327003936981782;0.007119233021513
sort_1;4;28000;0.779480676981620;0.025420749909244;0.201774289947934;0.327778146020137;0.007177778985351
sort_1;4;28000;0.780941289034672;0.025587643031031;0.201503116055392;0.328224331955425;0.007272340008058
sort_1;4;28000;0.785174914053641;0.025574394967407;0.203435873030685;0.327874150010757;0.007087219040841
sort_1;4;28000;0.781571866013110;0.025682404986583;0.203745167003945;0.328969517024234;0.007142295944504
sort_1;4;28000;0.788436711998656;0.025729967048392;0.203633676050231;0.327462353045121;0.007212958065793
sort_1;4;28000;0.775067043025047;0.025481279008090;0.202124161063693;0.326097661978565;0.007100482936949
sort_1;4;28000;0.788581828936003;0.025498103001155;0.203096498968080;0.328901257016696;0.007149826968089
sort_1;4;28000;0.776038256008178;0.025423640036024;0.203358601895161;0.326426318963058;0.007081993040629
sort_1;4;28000;0.784257292980328;0.025450643035583;0.203785722958855;0.328354644007050;0.007075402070768
sort_1;4;28000;0.781256690970622;0.025837019085884;0.201734679052606;0.327929941937327;0.007064395002089
sort_1;4;28000;0.776574888965115;0.025390487979166;0.201338934944943;0.328251844970509;0.007126039010473
sort_1;4;28000;0.783592917025089;0.025625415029936;0.200839989935048;0.328265766962431;0.007070849998854
sort_1;5;35000;0.811839330941439;0.033549323095940;0.181978549924679;0.243174233008176;0.007444438058883
sort_1;5;35000;0.759515329031274;0.020716188009828;0.180621279985644;0.243456037016585;0.006328367977403
sort_1;5;35000;0.713073769933544;0.032795279053971;0.181445540976711;0.243427564972080;0.006005860050209
sort_1;5;35000;0.971368244965561;0.033107033930719;0.184042979031801;0.243823368917219;0.006145815015770
sort_1;5;35000;0.948329440085217;0.033506828011014;0.180685508996248;0.243651894968934;0.005896821036004
sort_1;5;35000;0.885284689022228;0.033109678071924;0.353942904970609;0.246817991952412;0.008757242001593
sort_1;5;35000;0.732826267019846;0.020805737935007;0.179506554966792;0.243731303024106;0.006698959972709
sort_1;5;35000;0.741914184996858;0.032595057040453;0.180937766097486;0.243291710037738;0.008310005068779
sort_1;5;35000;0.974032427067868;0.048421932966448;0.184020114946179;0.243082985980436;0.006107034045272
sort_1;5;35000;0.853738505044021;0.033188909059390;0.178891933057457;0.243802076089196;0.006974507006817
sort_1;5;35000;0.932780893985182;0.033187816967256;0.181325791054405;0.243483782047406;0.006190620013513
sort_1;5;35000;0.943951865076087;0.032877121935599;0.179969129036181;0.243093478959054;0.005809450056404
sort_1;5;35000;0.971702159964480;0.036814143997617;0.185354926972650;0.243556838948280;0.005891012959182
sort_1;5;35000;0.936655800091103;0.032978164032102;0.184159717988223;0.242813849006779;0.005845717038028
sort_1;5;35000;0.752189995022491;0.034779415000230;0.177504351013340;0.243537399102934;0.006662088911980
sort_1;5;35000;0.930027068010531;0.033260792959481;0.179739107028581;0.242983494070359;0.005876092007384
sort_1;5;35000;0.897348838974722;0.037062716088258;0.180486623081379;0.243069043033756;0.005878407042474
sort_1;5;35000;0.830839906004258;0.032667015912011;0.180005869944580;0.244279336999170;0.007412984035909
sort_1;5;35000;0.965783810010180;0.036913386080414;0.178752284962684;0.244415218010545;0.005832253955305
sort_1;5;35000;0.967883515055291;0.041987648000941;0.179027430014685;0.242920554010198;0.005941047915258
sort_1;3;21000;0.918733695056289;0.033842127071694;0.252558856969699;0.482194287003949;0.007256199955009
sort_1;3;21000;0.919301880057901;0.034171545063145;0.251161967054941;0.483007309958339;0.008335225051269
sort_1;3;21000;0.912789038033225;0.034031975897960;0.249304953031242;0.482971461955458;0.008029073011130
sort_1;3;21000;0.921565887052566;0.033790595014580;0.251857611001469;0.481057169032283;0.006562736001797
sort_1;3;21000;0.915512112900615;0.034150317078456;0.252983964979649;0.481733402935788;0.007908836007118
sort_1;3;21000;0.912735150079243;0.034201647969894;0.251326291938312;0.482032452011481;0.008069361909293
sort_1;3;21000;0.913287041010335;0.033822837984189;0.254079216043465;0.481206614058465;0.007976078079082
sort_1;3;21000;0.915777966030873;0.034100945922546;0.249986316077411;0.480564408004284;0.007999684079550
sort_1;3;21000;0.914566569030285;0.033795782015659;0.249598770053126;0.481300220009871;0.007966552046128
sort_1;3;21000;0.915328919072635;0.033965121023357;0.253212730051018;0.484525957028382;0.008144007995725
sort_1;3;21000;0.915700737969019;0.034182828967459;0.251633645966649;0.483106250991113;0.008125078049488
sort_1;3;21000;0.916219418984838;0.034097575000487;0.251374812098220;0.482897328911349;0.007993887993507
sort_1;3;21000;0.913799182977527;0.033922810922377;0.253641285002232;0.483751363935880;0.008142948965542
sort_1;3;21000;0.916237524012104;0.033910662983544;0.251608674065210;0.482879471033812;0.007172465906478
sort_1;3;21000;0.915468871011399;0.034215021994896;0.249776622047648;0.483399934950285;0.008000775007531
sort_1;3;21000;0.915415729046799;0.033833869034424;0.251948687015101;0.479989779996686;0.008101255982183
sort_1;3;21000;0.919800540897995;0.034051772090606;0.249470883980393;0.481272842036560;0.007153916056268
sort_1;3;21000;0.912913630018011;0.034017925965600;0.254743794095702;0.483542011003010;0.008061229018494
sort_1;3;21000;0.915079990983941;0.034281515982002;0.253057784982957;0.484159078914672;0.008086242945865
sort_1;3;21000;0.917599809006788;0.033804639009759;0.254437839030288;0.481980892014690;0.008281960966997
sort_1;2;14000;1.233252849080600;0.050741782994010;0.336448921938427;0.787355864071287;0.009463054942898
sort_1;2;14000;1.232094826991670;0.050748944981024;0.335377171984874;0.787909584003501;0.009428445016965
sort_1;2;14000;1.234191976953298;0.050552785978653;0.335968483006582;0.787559374934062;0.009431357029825
sort_1;2;14000;1.234968079952523;0.050724451080896;0.334269520011730;0.789097488974221;0.009421692928299
sort_1;2;14000;1.234385001007468;0.050552416942082;0.333686487050727;0.788356709992513;0.009426641045138
sort_1;2;14000;1.228427584050223;0.050448019988835;0.335280696977861;0.784461727016605;0.009457987966016
sort_1;2;14000;1.232815212919377;0.050662652938627;0.336119961924851;0.789639111026190;0.009365461999550
sort_1;2;14000;1.229900760925375;0.050802670069970;0.333319161087275;0.788975429022685;0.009426878998056
sort_1;2;14000;1.231045269989409;0.050588757032529;0.337503150105476;0.787587499013171;0.009474528953433
sort_1;2;14000;1.236500809085555;0.050897312932648;0.341780409100465;0.786532989935949;0.009775288985111
sort_1;2;14000;1.235222565010190;0.050539136980660;0.336242416989990;0.789592963992618;0.009471039054915
sort_1;2;14000;1.232133197016083;0.050795137998648;0.333049559965730;0.788416619994678;0.009444957016967
sort_1;2;14000;1.237784281955101;0.050680341082625;0.342148853931576;0.785690632066689;0.009409051970579
sort_1;2;14000;1.232992504024878;0.050990240066312;0.335963936988264;0.787096643005498;0.009480224922299
sort_1;2;14000;1.229925506049767;0.050311177037656;0.334536212030798;0.786912895971909;0.009439020999707
sort_1;2;14000;1.230938440072350;0.050445878063329;0.336991829099134;0.787261697929353;0.009356499998830
sort_1;2;14000;1.229550466057844;0.050733078969643;0.334282141062431;0.785946155083366;0.009423616109416
sort_1;2;14000;1.237238549045287;0.050827540922910;0.341193356085569;0.786521238042042;0.009308804059401
sort_1;2;14000;1.228073222911917;0.050857327994891;0.336979479063302;0.786628490081057;0.009444014984183
sort_1;2;14000;1.229877997073345;0.050544430036098;0.336642174981534;0.786191698978655;0.009376747068018
sort_1;1;7000;2.563020581961609;0.101350247976370;0.443216182990000;1.983157609938644;0.016303352080286
sort_1;1;7000;2.562369844992645;0.100110740982927;0.439998058951460;1.986827414017171;0.016332771047018
sort_1;1;7000;2.563374661956914;0.100242985994555;0.442206353065558;1.985146377002820;0.016494464944117
sort_1;1;7000;2.561234363936819;0.100161395035684;0.442410061019473;1.984648199984804;0.014880502014421
sort_1;1;7000;2.566672872053459;0.100510529940948;0.443188013974577;1.988859536941163;0.014954178011976
sort_1;1;7000;2.564011205919087;0.100426950026304;0.443437351030298;1.984682897920720;0.016376590938307
sort_1;1;7000;2.567946566967294;0.099568317993544;0.449105578009039;1.984752146992832;0.015320306993090
sort_1;1;7000;2.563296710955910;0.100445852032863;0.442311382968910;1.985991053981707;0.015360991936177
sort_1;1;7000;2.559980920981616;0.100448988960125;0.441531045013107;1.982581083080731;0.016346956952475
sort_1;1;7000;2.569812535075471;0.099475773982704;0.451270540943369;1.984596387017518;0.015230796998367
sort_1;1;7000;2.572223451919854;0.100402404088527;0.452109956997447;1.984325896017253;0.016293680993840
sort_1;1;7000;2.564028983004391;0.100069176987745;0.443475315929390;1.984805388026871;0.016481762053445
sort_1;1;7000;2.562627536011860;0.099981950945221;0.443102731020190;1.984145108959638;0.016335824038833
sort_1;1;7000;2.563091018935665;0.099935322999954;0.443692372995429;1.983783714938909;0.016463979030959
sort_1;1;7000;2.564216734957881;0.099930543918163;0.441083234036341;1.989063612069003;0.015042101964355
sort_1;1;7000;2.571973855956458;0.100428498000838;0.446132616954856;1.989962649997324;0.016325677977875
sort_1;1;7000;2.568280988023616;0.100177445914596;0.449582803063095;1.983781990944408;0.015626415028237
sort_1;1;7000;2.569436452933587;0.100010077934712;0.449495669919997;1.985529951052740;0.015148118953221
sort_1;1;7000;2.572288008057512;0.100556937977672;0.453758346033283;1.983858057996258;0.015036725904793
sort_1;1;7000;2.567357691936195;0.100548858987167;0.447267998009920;1.985238139983267;0.015062949038111
