sort_1;10;70000;0.493081044056453;0.010531343985349;0.127912262920290;0.089173645945266;0.004274899023585
sort_1;10;70000;0.479718446964398;0.010756862000562;0.129722715937532;0.089635018957779;0.005029544932768
sort_1;10;70000;0.487102770013735;0.010944429086521;0.130627929931507;0.089322385028936;0.005724897026084
sort_1;10;70000;0.480352982995100;0.010648599942215;0.130854270071723;0.089722503093071;0.005556392017752
sort_1;10;70000;0.490934010944329;0.010386029956862;0.129880308057182;0.089316132012755;0.005502943065949
sort_1;10;70000;0.496268660994247;0.010347721981816;0.132581281010062;0.087195564992726;0.006246116012335
sort_1;10;70000;0.485842772992328;0.010714914998971;0.128679118934087;0.089537207037210;0.005281546968035
sort_1;10;70000;0.487103926949203;0.010351662989706;0.130583659047261;0.089359194040298;0.005575896007940
sort_1;10;70000;0.477312956005335;0.010294403997250;0.130431610974483;0.089300902094692;0.005663960939273
sort_1;10;70000;0.480086405994371;0.010714558069594;0.130823154002428;0.089081655954942;0.005500640952960
sort_1;10;70000;0.487142625963315;0.010335847036913;0.130190560012124;0.089448401937261;0.005603940924630
sort_1;10;70000;0.482523730024695;0.010707154055126;0.130556349991821;0.089468740974553;0.005677407025360
sort_1;10;70000;0.486727182986215;0.010793206980452;0.130682732095011;0.090215625939891;0.005568215972744
sort_1;10;70000;0.486216909019276;0.010504661942832;0.130575980059803;0.089683655067347;0.005637236055918
sort_1;10;70000;0.486715040984564;0.010750469053164;0.131336664082482;0.089140783995390;0.005496402038261
sort_1;10;70000;0.488588638952933;0.010488829924725;0.129622071050107;0.089607240981422;0.005569146014750
sort_1;10;70000;0.479309666086920;0.010408474016003;0.129551837919280;0.089657642063685;0.005148843978532
sort_1;10;70000;0.484854276990518;0.010787940002047;0.131603981018998;0.089953891932964;0.005583958001807
sort_1;10;70000;0.478911911952309;0.010472723050043;0.129290748969652;0.089490219019353;0.005679858033545
sort_1;10;70000;0.485897625912912;0.010821987991221;0.131010186974891;0.089746959041804;0.005625008023344
sort_1;12;84000;0.467884083976969;0.009183203917928;0.120688801049255;0.066229313961230;0.006550305988640
sort_1;12;84000;0.486259493976831;0.020803064922802;0.119735943037085;0.066228135954589;0.005720659974031
sort_1;12;84000;0.471928165061399;0.008834745036438;0.118496236042120;0.065108062000945;0.006421152036637
sort_1;12;84000;0.473696480970830;0.008821835974231;0.120648569078185;0.066020043916069;0.006358129088767
sort_1;12;84000;0.474344250978902;0.008878736058250;0.121758084977046;0.066303745028563;0.006413558963686
sort_1;12;84000;0.475611189962365;0.008901890949346;0.120651400997303;0.065822186996229;0.006532832980156
sort_1;12;84000;0.480243486934341;0.008880784036592;0.120578225934878;0.066436588997021;0.007080673938617
sort_1;12;84000;0.499289604020305;0.019067556015216;0.119164527975954;0.066377045935951;0.004087025066838
sort_1;12;84000;0.461624130955897;0.008825065102428;0.118669805931859;0.066140293027274;0.005716863088310
sort_1;12;84000;0.476053089019842;0.009245604975149;0.119098951923661;0.066154374042526;0.006490136962384
sort_1;12;84000;0.471578857977875;0.009218537015840;0.119952464941889;0.065757129923441;0.006320870015770
sort_1;12;84000;0.480962309986353;0.008841254049912;0.122287668054923;0.066360295051709;0.007061643991619
sort_1;12;84000;0.478143687010743;0.009057409013622;0.120312793995254;0.065956133999862;0.006341181928292
sort_1;12;84000;0.480777306947857;0.008859639987350;0.119679544935934;0.066364379017614;0.006941389990970
sort_1;12;84000;0.484387474018149;0.008853330975398;0.120278012007475;0.065841766074300;0.007064008968882
sort_1;12;84000;0.467467885930091;0.008785580983385;0.119431301020086;0.065934782032855;0.005761591019109
sort_1;12;84000;0.471201173029840;0.008811963954940;0.120050393044949;0.065908560995013;0.006319724023342
sort_1;12;84000;0.473464566050097;0.009165803086944;0.121266665984876;0.064993412932381;0.006402478087693
sort_1;12;84000;0.477124670986086;0.009554472984746;0.120772858033888;0.066081221099012;0.006754111032933
sort_1;12;84000;0.484011117019691;0.008878695894964;0.120072884019464;0.065697257989086;0.007056523114443
sort_1;11;77000;0.493515406036749;0.009664337965660;0.124869933002628;0.075735702994280;0.006768884952180
sort_1;11;77000;0.472395244054496;0.009851602953859;0.124575929949060;0.075477475998923;0.005821741069667
sort_1;11;77000;0.488141593988985;0.009798828978091;0.125475693959743;0.075402577989735;0.007278084987774
sort_1;11;77000;0.481490556034259;0.009716383996420;0.126271086977795;0.075545368948951;0.006969069014303
sort_1;11;77000;0.482243658974767;0.009753174963407;0.128513835952617;0.075708165997639;0.006812034058385
sort_1;11;77000;0.483141088043340;0.009536575060338;0.127465376048349;0.075371109065600;0.006860596011393
sort_1;11;77000;0.480818326934241;0.009621717035770;0.124896916910075;0.075433135032654;0.006140058976598
sort_1;11;77000;0.488311785971746;0.009742280002683;0.124028483987786;0.075433340971358;0.005612716078758
sort_1;11;77000;0.483472903957590;0.009758152998984;0.124307438032702;0.075158079038374;0.005431818077341
sort_1;11;77000;0.476309709949419;0.009709432953969;0.127112229936756;0.075450733071193;0.006947473972104
sort_1;11;77000;0.481618846999481;0.009514977922663;0.128294619033113;0.075620823074132;0.006937435013242
sort_1;11;77000;0.483439319999889;0.009794309968129;0.127321872976609;0.075392747996375;0.007014905917458
sort_1;11;77000;0.484051028033718;0.009763807989657;0.129269390017726;0.075696681975387;0.006875067017972
sort_1;11;77000;0.477611143025570;0.009694623993710;0.126656407024711;0.075625197030604;0.006133428076282
sort_1;11;77000;0.481071637943387;0.009749945020303;0.125132080051117;0.075436963001266;0.006100111990236
sort_1;11;77000;0.478943362017162;0.009589008055627;0.125904942979105;0.075359545997344;0.006372157018632
sort_1;11;77000;0.483962972997688;0.009868495049886;0.127873169956729;0.075732809957117;0.007041411008686
sort_1;11;77000;0.480566835962236;0.009521338972263;0.129571224912070;0.074626879999414;0.006975392927416
sort_1;11;77000;0.485045942943543;0.009549804963171;0.129401871003211;0.075802203966305;0.006799882045016
sort_1;11;77000;0.480542919947766;0.009703721036203;0.124553460045718;0.075490219984204;0.005550583009608
sort_1;16;112000;0.459960466017947;0.006782754906453;0.108485493925400;0.039485890069045;0.007038207026199
sort_1;16;112000;0.459487267071381;0.006975174997933;0.108818707987666;0.039547021966428;0.007133112056181
sort_1;16;112000;0.507273477967829;0.006900666048750;0.108706498052925;0.039554598974064;0.007095657987520
sort_1;16;112000;0.532912631053478;0.006910222931765;0.109880813048221;0.039321881020442;0.007352696964517
sort_1;16;112000;0.477623797953129;0.016752558993176;0.103920220979489;0.039293999085203;0.006627207971178
sort_1;16;112000;0.479240113985725;0.016369870980270;0.108388310065493;0.039425094029866;0.006638296064921
sort_1;16;112000;0.480201440048404;0.016655161976814;0.109476044075564;0.039448746945709;0.006876592058688
sort_1;16;112000;0.485298746032640;0.024257846991532;0.103525241953321;0.039301767013967;0.006265413947403
sort_1;16;112000;0.492050566012040;0.024139779037796;0.104238496976905;0.039350785082206;0.006416023010388
sort_1;16;112000;0.493899508030154;0.024947060970590;0.103885844000615;0.039357847999781;0.006320355925709
sort_1;16;112000;0.492029104032554;0.016429416020401;0.103637551073916;0.039449549978599;0.006997131975368
sort_1;16;112000;0.489497685921378;0.024121233029291;0.108601388055831;0.039536194060929;0.005973014980555
sort_1;16;112000;0.479654268943705;0.016473120078444;0.108905222965404;0.039422080037184;0.006641051033512
sort_1;16;112000;0.489937486941926;0.021822232985869;0.108415730064735;0.039348611026071;0.006512088002637
sort_1;16;112000;0.491179868928157;0.022288953070529;0.109399639070034;0.039595771930180;0.006161297089420
sort_1;16;112000;0.493309114011936;0.024383977986872;0.110733283101581;0.039576728013344;0.005657681031153
sort_1;16;112000;0.488059456110932;0.016731861978769;0.108286082046106;0.039627706049941;0.006417997996323
sort_1;16;112000;0.484362500952557;0.017129701096565;0.109953960985877;0.039178256993182;0.006538961082697
sort_1;16;112000;0.494844474014826;0.023930473020300;0.108282421948388;0.039401439949870;0.006355360965244
sort_1;16;112000;0.492191016091965;0.023232748964801;0.109474877943285;0.039608882972971;0.006229219958186
sort_1;6;42000;0.595029667951167;0.017125389073044;0.164698501001112;0.189602939994074;0.004792494000867
sort_1;6;42000;0.593073587049730;0.017051541944966;0.163163276039995;0.190358638996258;0.004325401037931
sort_1;6;42000;0.592438213992864;0.017253914964385;0.162917794077657;0.189153067069128;0.004640700062737
sort_1;6;42000;0.591098146978766;0.016901344060898;0.163008503965102;0.190042707021348;0.004219049937092
sort_1;6;42000;0.591224668081850;0.017205446958542;0.163946957094595;0.189601446967572;0.004332432057709
sort_1;6;42000;0.598149886005558;0.017116965027526;0.162597018992528;0.189795934944414;0.004253085004166
sort_1;6;42000;0.593772322055884;0.017328885965981;0.163128842017613;0.189917578944005;0.004332012962550
sort_1;6;42000;0.588651329977438;0.017013806034811;0.163062460022047;0.188953454024158;0.004298627027310
sort_1;6;42000;0.589096330921166;0.017371176974848;0.164413131074980;0.189756042906083;0.004299558000639
sort_1;6;42000;0.596100669004954;0.017227729083970;0.163549278979190;0.190310528967530;0.004172709072009
sort_1;6;42000;0.589091141941026;0.017131030093879;0.163685200968757;0.189355031005107;0.004332642070949
sort_1;6;42000;0.588002800010145;0.017093383939937;0.163970462046564;0.189371899934486;0.004274222999811
sort_1;6;42000;0.594221820938401;0.017170988023281;0.163260260014795;0.189632719033398;0.004384319996461
sort_1;6;42000;0.587442878982984;0.017035091063008;0.164081092923880;0.189681943971664;0.004304013913497
sort_1;6;42000;0.595969628891908;0.016994292032905;0.164111478952691;0.189633308094926;0.004705592989922
sort_1;6;42000;0.588554913061671;0.017183472053148;0.163625982007943;0.189666689955629;0.004235796048306
sort_1;6;42000;0.595610838965513;0.017044831067324;0.163632737938315;0.189607477979735;0.004331322037615
sort_1;6;42000;0.589012254029512;0.017205688985996;0.164159666979685;0.189355816924945;0.004252976970747
sort_1;6;42000;0.592736658989452;0.017257803003304;0.164218805031851;0.189586905995384;0.004281635046937
sort_1;6;42000;0.592270847060718;0.017285253037699;0.164085705066100;0.189886790001765;0.004292396944948
sort_1;14;98000;0.642126568011008;0.019746976089664;0.112725149956532;0.049928396008909;0.004810673999600
sort_1;14;98000;0.608075715019368;0.018634971929714;0.113881255034357;0.049872628995217;0.004607634036802
sort_1;14;98000;0.597692703944631;0.009365775971673;0.141831332002766;0.049791912897490;0.004973911098205
sort_1;14;98000;0.606358611956239;0.017910521011800;0.120113614015281;0.049925322993658;0.004818042973056
sort_1;14;98000;0.592291806009598;0.022669086931273;0.125217086984776;0.049780706991442;0.004889401956461
sort_1;14;98000;0.600235656020232;0.022501364001073;0.129327200003900;0.049814846017398;0.005122646107338
sort_1;14;98000;0.558331019943580;0.019373864983208;0.146872153040022;0.049656682065688;0.006401940947399
sort_1;14;98000;0.607803001999855;0.010173227055930;0.113935472094454;0.050032258965075;0.005083954078145
sort_1;14;98000;0.594856364070438;0.009979600086808;0.124897080939263;0.049801078974269;0.004730872926302
sort_1;14;98000;0.561693991068751;0.022344705997966;0.136482340982184;0.049806284019724;0.004457492032088
sort_1;14;98000;0.561073530931026;0.009708161000162;0.125731343985535;0.049840562976897;0.006006125011481
sort_1;14;98000;0.573550798115321;0.018481289036572;0.127948024077341;0.050069416989572;0.004494644934312
sort_1;14;98000;0.574266272946261;0.018010386964306;0.125398711999878;0.050014732056297;0.005112288985401
sort_1;14;98000;0.598671064944938;0.009461572975852;0.124080056091771;0.071846401086077;0.004435244016349
sort_1;14;98000;0.579888997948729;0.022605307050981;0.127391287009232;0.049968044972047;0.005981365102343
sort_1;14;98000;0.587886192020960;0.022470323950984;0.132338238996454;0.049724407028407;0.004718885989860
sort_1;14;98000;0.604563729022630;0.018610469996929;0.124872782034799;0.049964951933362;0.004395294003189
sort_1;14;98000;0.601798244984820;0.022529807989486;0.120097934966907;0.050077500985935;0.004622209002264
sort_1;14;98000;0.578755554044619;0.023138332995586;0.206274649011903;0.049150859005749;0.002872793935239
sort_1;14;98000;0.622959694941528;0.022646670928225;0.113510263967328;0.049803743022494;0.004602376022376
sort_1;13;91000;0.561630850890651;0.008314427919686;0.122121260967106;0.056892548920587;0.005123197915964
sort_1;13;91000;0.563635291066021;0.008403767016716;0.138634950038977;0.056668699020520;0.005732018034905
sort_1;13;91000;0.560932590044104;0.008444229024462;0.121962817967869;0.056426808005199;0.006057891994715
sort_1;13;91000;0.564123254036531;0.008752366993576;0.120015255059116;0.056315729976632;0.006256363936700
sort_1;13;91000;0.565848730970174;0.008540565962903;0.116167434956878;0.056576273054816;0.005970372934826
sort_1;13;91000;0.581598491990007;0.023856825078838;0.119546356960200;0.056585029000416;0.004055885947309
sort_1;13;91000;0.568029043031856;0.008098424994387;0.118648951989599;0.056863571982831;0.006069831899367
sort_1;13;91000;0.555783321964554;0.008571412996389;0.137452543945983;0.056819660007022;0.005835987976752
sort_1;13;91000;0.556332042091526;0.008283577975817;0.127055456978269;0.056676203967072;0.006803017924540
sort_1;13;91000;0.559269335004501;0.008505507023074;0.119164179894142;0.056787963025272;0.006050472031347
sort_1;13;91000;0.571893281070516;0.008576664957218;0.116969106020406;0.056339661008678;0.006205233978108
sort_1;13;91000;0.591036348952912;0.019672832917422;0.117553033982404;0.056743228924461;0.006627366994508
sort_1;13;91000;0.592668020981364;0.020031311083585;0.112179037998430;0.056616578949615;0.008156458032317
sort_1;13;91000;0.553032768075354;0.008039469947107;0.132177082938142;0.056641731993295;0.005916291032918
sort_1;13;91000;0.566020927042700;0.008339412044734;0.120135367033072;0.056706979987212;0.006446221959777
sort_1;13;91000;0.574739350005984;0.008758726064116;0.118076876038685;0.056312402943149;0.006231263978407
sort_1;13;91000;0.584234100999311;0.024069203995168;0.116395848919638;0.056664614006877;0.007224197965115
sort_1;13;91000;0.557098958990537;0.008331955992617;0.115835575037636;0.056578931980766;0.006439713994041
sort_1;13;91000;0.557031707023270;0.008104593958706;0.115475543076172;0.056269185035489;0.005678336019628
sort_1;13;91000;0.555357513017952;0.008183434023522;0.115124750067480;0.056337997084484;0.005698319058865
sort_1;9;63000;0.617748575983569;0.020590050029568;0.149117148015648;0.105261404998600;0.005241959006526
sort_1;9;63000;0.617960260948166;0.024152588914149;0.147056521032937;0.105639416957274;0.005557014024816
sort_1;9;63000;0.619669063948095;0.014931708923541;0.137018383014947;0.105162477004342;0.005171678029001
sort_1;9;63000;0.612618847982958;0.012373614939861;0.136297625023872;0.104988713981584;0.005383235984482
sort_1;9;63000;0.608291005017236;0.024506301968358;0.136840160004795;0.106088698026724;0.004599968902767
sort_1;9;63000;0.593167621060275;0.011922094970942;0.136857979930937;0.105376721941866;0.006601694971323
sort_1;9;63000;0.592580680968240;0.011987600009888;0.141317463014275;0.105191041016951;0.005548725952394
sort_1;9;63000;0.614599513937719;0.023061331943609;0.136512316996232;0.105666562099941;0.005227954941802
sort_1;9;63000;0.622496342984959;0.024587235995568;0.135891314013861;0.105595350963995;0.006197786889970
sort_1;9;63000;0.594985199044459;0.011806135997176;0.142503360053524;0.106565233902074;0.004883336019702
sort_1;9;63000;0.615973081090488;0.023651218041778;0.141231631976552;0.105496051022783;0.005622662021779
sort_1;9;63000;0.626259651966393;0.023636049008928;0.136377742048353;0.105128740076907;0.005158604937606
sort_1;9;63000;0.612642562016845;0.025691832997836;0.135735834017396;0.105644766008481;0.005480634979904
sort_1;9;63000;0.598552010953426;0.011790396063589;0.136239349958487;0.105086544062942;0.005982944974676
sort_1;9;63000;0.597135731950402;0.011881978949532;0.136408656951971;0.105205098981969;0.005800376995467
sort_1;9;63000;0.614612197037786;0.011566187953576;0.137222139048390;0.105658508953638;0.005525723914616
sort_1;9;63000;0.595560666057281;0.012107266928069;0.136662258068100;0.105368996970356;0.004155044909567
sort_1;9;63000;0.853889363934286;0.035332856001332;0.298566224984825;0.105431574978866;0.005005168961361
sort_1;9;63000;0.626323554082774;0.025945832952857;0.136837741942145;0.105577549082227;0.004545237054117
sort_1;9;63000;0.595416942029260;0.033644338021986;0.151418961002491;0.108160354895517;0.009058270952664
sort_1;15;105000;0.971492605051026;0.007454967009835;0.111789467977360;0.044053451973014;0.006777357077226
sort_1;15;105000;1.267140517011285;0.007249168003909;0.106814106926322;0.044215918984264;0.007373442058451
sort_1;15;105000;0.452048175036907;0.007353538996540;0.105197253986262;0.044228798011318;0.006565473973751
sort_1;15;105000;0.496833025943488;0.017624024068937;0.110900369007140;0.044174359994940;0.006785362027586
sort_1;15;105000;0.460230074007995;0.007538106059656;0.111900043091737;0.044046316994354;0.007091047009453
sort_1;15;105000;0.462942112004384;0.007572456030175;0.111059170914814;0.044111359049566;0.007346349069849
sort_1;15;105000;0.452626880025491;0.007291437941603;0.107011404936202;0.043987232958898;0.006623681983911
sort_1;15;105000;0.451816922985017;0.007250444963574;0.111175403930247;0.044037234038115;0.006546770106070
sort_1;15;105000;0.447030956041999;0.007132744067349;0.110463965917006;0.044003934948705;0.006616526050493
sort_1;15;105000;0.453908069059253;0.007148699020036;0.109908438054845;0.044057228020392;0.006688526947983
sort_1;15;105000;0.451597668929026;0.007259416976012;0.105686973081902;0.043947668978944;0.006568955956027
sort_1;15;105000;0.449393432005309;0.007163090049289;0.105869970982894;0.043964894954115;0.006554025923833
sort_1;15;105000;0.443441524053924;0.007112286984921;0.110564014990814;0.044159534038045;0.006682897917926
sort_1;15;105000;0.451126715983264;0.007119425921701;0.111939343041740;0.044141691061668;0.006708247005008
sort_1;15;105000;0.452253761002794;0.007121057016775;0.111065692966804;0.043997619068250;0.006707118940540
sort_1;15;105000;0.445068610948510;0.007120930007659;0.110669861081988;0.044073609984480;0.006754508009180
sort_1;15;105000;0.447927795001306;0.007138354005292;0.111023328034207;0.044058765983209;0.006716572912410
sort_1;15;105000;0.456847280962393;0.007329540909268;0.112466766033322;0.044130787020549;0.007267817039974
sort_1;15;105000;1.124303780030459;0.021592716919258;0.105289061088115;0.043858384946361;0.006875146063976
sort_1;15;105000;0.461575427092612;0.007432949962094;0.111526497988962;0.044218520051800;0.007077251910232
sort_1;5;35000;0.661210477934219;0.020639927941374;0.181408861069940;0.244617063086480;0.006785625941120
sort_1;5;35000;0.663388650049455;0.020484591019340;0.178940917947330;0.243796539958566;0.006848021992482
sort_1;5;35000;0.671977555961348;0.020491692004725;0.179446680005640;0.242732304031961;0.006759969051927
sort_1;5;35000;0.730926589923911;0.020426308969036;0.178821630892344;0.243183411075734;0.006968984962441
sort_1;5;35000;0.666468154056929;0.020678614964709;0.179248526925221;0.243570249993354;0.006813370040618
sort_1;5;35000;0.661539040971547;0.020480250008404;0.179832675959915;0.244513766956516;0.006888611009344
sort_1;5;35000;0.664755646022968;0.020635223016143;0.179086587042548;0.243112743948586;0.006751894019544
sort_1;5;35000;0.665536287007853;0.020634698099457;0.179659795016050;0.243410171940923;0.006695011048578
sort_1;5;35000;0.673126857960597;0.020706912036985;0.179471584968269;0.243273459025659;0.006723764934577
sort_1;5;35000;0.662150577059947;0.020420353976078;0.179515391006134;0.242664567078464;0.006693699979223
sort_1;5;35000;0.668459395994432;0.020421018940397;0.179020424024202;0.242904376937076;0.006748680025339
sort_1;5;35000;0.657880782033317;0.020515889977105;0.180883261957206;0.242993153980933;0.006934502976947
sort_1;5;35000;0.661759671056643;0.020500089041889;0.180668888962828;0.244434724911116;0.006848423043266
sort_1;5;35000;0.659867511945777;0.020711346063763;0.179121020017192;0.243404987966642;0.006843885988928
sort_1;5;35000;0.659884430933744;0.020598758012056;0.179543678998016;0.242839202051982;0.006735736038536
sort_1;5;35000;0.662131223944016;0.020704166032374;0.180717659066431;0.243414590018801;0.006841817055829
sort_1;5;35000;0.662085385993123;0.020523217041045;0.179571277927607;0.243607699987479;0.006867160089314
sort_1;5;35000;0.664954212959856;0.020340308081359;0.180293572018854;0.243187579093501;0.006647015921772
sort_1;5;35000;0.664530931971967;0.020592332002707;0.181363999960013;0.244798094034195;0.006872530095279
sort_1;5;35000;0.664422100060619;0.020626162993722;0.179895642912015;0.242890310008079;0.006766714039259
sort_1;7;49000;0.581261664046906;0.014474423020147;0.154298938927241;0.152992620016448;0.004673055023886
sort_1;7;49000;0.668682310963050;0.027614268008620;0.154678880004212;0.152738642995246;0.005467697978020
sort_1;7;49000;0.663060551974922;0.015094946953468;0.163353241980076;0.157141664996743;0.006314427009784
sort_1;7;49000;0.568110677995719;0.023473834036849;0.150741535937414;0.153315486037172;0.003892320091836
sort_1;7;49000;0.666292645037174;0.014492903021164;0.151134597021155;0.152984317042865;0.006060335086659
sort_1;7;49000;0.757964000105858;0.014922652975656;0.157067526946776;0.152644915040582;0.004260809044354
sort_1;7;49000;0.548802103963681;0.014665667898953;0.152596965897828;0.152874919003807;0.004293510108255
sort_1;7;49000;0.548182332073338;0.014931775978766;0.152183194062673;0.153536380967125;0.004413121961989
sort_1;7;49000;0.559015316073783;0.027258193003945;0.150682181934826;0.152706103050150;0.004054902005009
sort_1;7;49000;0.572884425986558;0.027151920017786;0.153446716023609;0.152617829036899;0.004723798949271
sort_1;7;49000;0.624179910984822;0.014744299929589;0.152967360918410;0.152037677937187;0.004037954960950
sort_1;7;49000;0.640653163893148;0.014869791921228;0.151614639908075;0.153142882976681;0.004432431072928
sort_1;7;49000;0.639247345970944;0.014789149980061;0.151408996898681;0.152382841915824;0.004501182935201
sort_1;7;49000;0.651856065960601;0.015025165979750;0.150145818013698;0.153192807920277;0.004358135978691
sort_1;7;49000;0.606367375003174;0.014888257952407;0.151973914005794;0.153510086005554;0.005006209015846
sort_1;7;49000;0.628514664014801;0.014839485986158;0.150709284003824;0.153469837969169;0.004410138935782
sort_1;7;49000;1.481796337058768;0.015161340939812;1.017062166007236;0.153055802104063;0.004519410082139
sort_1;7;49000;0.636135617038235;0.014796611038037;0.152282883995213;0.152822677977383;0.004390133079141
sort_1;7;49000;0.631440997007303;0.014835849986412;0.152016727020964;0.152651463984512;0.005317849107087
sort_1;7;49000;0.638614007038996;0.014794585993513;0.151242507970892;0.152487418032251;0.004462923971005
sort_1;8;56000;0.973758858046494;0.371988425031304;0.142337142024189;0.125957890995778;0.004978105076589
sort_1;8;56000;1.232080979971215;0.013191001024097;0.802281569922343;0.126741337007843;0.004153270041570
sort_1;8;56000;0.523266330012120;0.013091517961584;0.153783535002731;0.124476658995263;0.004247809993103
sort_1;8;56000;1.307940666913055;0.013376976014115;0.140718123991974;0.872207553940825;0.004438756033778
sort_1;8;56000;0.574805535958149;0.021683481056243;0.140712191001512;0.125324143911712;0.004594397032633
sort_1;8;56000;0.601779532968067;0.026094345026650;0.141342199058272;0.126036710920744;0.005596257047728
sort_1;8;56000;0.560012534959242;0.019333941978402;0.143369109020568;0.125892948941328;0.003474992932752
sort_1;8;56000;0.560223225969821;0.012995381955989;0.140800777007826;0.126099704066291;0.004483788972721
sort_1;8;56000;0.551549102994613;0.012768605956808;0.141665181028657;0.126109839067794;0.004363242071122
sort_1;8;56000;2.228752083028667;0.025778083945625;0.150869894074276;0.126422405010089;0.004319257917814
sort_1;8;56000;0.634548838948831;0.024831299087964;0.141113794990815;0.126492997980677;0.005157425999641
sort_1;8;56000;0.600135382032022;0.025503340992145;0.144966515013948;0.126073503051884;0.003991098958068
sort_1;8;56000;1.663075858028606;0.030030141933821;0.143703364068642;0.125973231042735;0.005163418012671
sort_1;8;56000;0.584405855042860;0.026140508940443;0.157786256051622;0.126618055975996;0.004425074905157
sort_1;8;56000;0.551755546941422;0.024458062020130;0.142544765956700;0.126370111014694;0.004166063969024
sort_1;8;56000;0.541376105975360;0.012982117012143;0.142341550090350;0.126113909995183;0.003452606964856
sort_1;8;56000;0.542272859020159;0.021251108963042;0.145601661992259;0.126151378033683;0.005396038061008
sort_1;8;56000;0.536589759984054;0.026067647035234;0.142167089041322;0.124412482953630;0.004871635930613
sort_1;8;56000;0.551998317008838;0.026263364939950;0.143829723005183;0.125917344004847;0.004547351971269
sort_1;8;56000;0.543017474003136;0.022893007029779;0.140405240003020;0.126127196010202;0.004710073000751
sort_1;4;28000;0.780363479047082;0.025562723982148;0.202800974948332;0.326891965931281;0.007110409904271
sort_1;4;28000;2.295849305926822;0.025635008001700;0.203182162018493;1.842343083000742;0.007212070049718
sort_1;4;28000;0.787819060962647;0.025477678980678;0.202607059967704;0.326428883010522;0.007148133940063
sort_1;4;28000;0.782953151036054;0.025481974938884;0.201964535983279;0.328194892965257;0.007133045000955
sort_1;4;28000;0.778758846921846;0.025786251993850;0.202089900034480;0.327399500994943;0.007137789041735
sort_1;4;28000;0.788703553029336;0.025497162947431;0.203598325024359;0.327119051013142;0.007121703005396
sort_1;4;28000;0.783386847004294;0.025650255964138;0.201105148997158;0.328179361997172;0.007243352942169
sort_1;4;28000;0.787907326943241;0.025756519986317;0.201251777005382;0.325793580035679;0.007201290922239
sort_1;4;28000;0.783154134987853;0.025362984044477;0.202959040994756;0.326542646042071;0.007178302970715
sort_1;4;28000;0.789467079914175;0.025797748006880;0.202070662984625;0.325916628935374;0.007156857987866
sort_1;4;28000;1.237205559969880;0.025412342976779;0.203650185954757;0.326361292973161;0.007163116009906
sort_1;4;28000;0.783265757956542;0.025412841001526;0.201384558924474;0.327296927920543;0.007137331995182
sort_1;4;28000;0.781203199061565;0.025579117005691;0.202851434005424;0.327563583967276;0.007106608944014
sort_1;4;28000;0.778509326977655;0.025368620990776;0.202820596052334;0.325940817012452;0.007189013063908
sort_1;4;28000;0.776568423956633;0.025599476997741;0.201929186005145;0.327824344043620;0.007094830973074
sort_1;4;28000;0.783025562996045;0.025382693042047;0.201625538989902;0.328552060993388;0.007143344962969
sort_1;4;28000;0.788686000043526;0.025350290001370;0.202372501022182;0.327117858920246;0.007246059016325
sort_1;4;28000;0.787525549996644;0.025529711041600;0.200787866953760;0.328046935028397;0.007213664939627
sort_1;4;28000;0.786415201029740;0.025540402042679;0.201753364061005;0.327141581103206;0.007155232015066
sort_1;4;28000;0.780353361042216;0.025693236035295;0.202191942022182;0.326872464967892;0.007194417994469
sort_1;3;21000;0.925184936961159;0.033855412970297;0.254044204019010;0.482186162960716;0.006797260022722
sort_1;3;21000;1.334111012052745;0.452814938034862;0.254129595938139;0.483222585055046;0.008144663996063
sort_1;3;21000;0.917786763049662;0.034208460943773;0.254826711025089;0.483103250968270;0.008109373040497
sort_1;3;21000;2.210306506953202;0.033961046021432;0.253479601000436;0.858321343897842;0.008109426009469
sort_1;3;21000;1.492894270922989;0.034035057993606;0.250112164998427;0.483245637966320;0.008145872969180
sort_1;3;21000;0.915848902077414;0.034249240066856;0.252518279012293;0.482442382024601;0.008120940998197
sort_1;3;21000;1.679754807031713;0.034178150002845;0.254278758075088;1.247593870968558;0.008123506093398
sort_1;3;21000;1.206303283921443;0.034145395038649;0.250058537931181;0.774088550941087;0.008027934003621
sort_1;3;21000;1.548756266944110;0.034090311033651;0.888259798986837;0.483598502934910;0.008143101003952
sort_1;3;21000;0.910632913000882;0.033980000996962;0.253505944972858;0.480353277991526;0.008066989947110
sort_1;3;21000;1.808109413948841;0.033990373951383;0.249651654041372;1.375296287005767;0.007241528015584
sort_1;3;21000;1.223546423017979;0.034112571971491;0.253035577014089;0.794890325982124;0.008110419963486
sort_1;3;21000;1.378829961991869;0.033984257024713;0.375843051937409;0.606822188943624;0.008102956926450
sort_1;3;21000;1.686389251961373;0.033993455930613;0.255538839963265;1.256917599937879;0.008126209955662
sort_1;3;21000;1.516735851997510;0.398910055053420;0.250774216954596;0.713266571983695;0.008054163889028
sort_1;3;21000;2.913742389995605;0.034292184980586;0.536642475984991;0.821132408920676;0.008121401071548
sort_1;3;21000;1.396277354913764;0.034142860909924;0.556674092076719;0.482475435012020;0.008107119007036
sort_1;3;21000;1.064544353983365;0.034012936055660;0.255492375930771;0.633239201968536;0.008140549995005
sort_1;3;21000;0.920938982046209;0.034042406012304;0.254840480978601;0.482821610057727;0.008101571933366
sort_1;3;21000;0.912066444987431;0.034157337038778;0.250943135935813;0.483093927963637;0.008070662035607
sort_1;2;14000;1.651631259010173;0.050651798024774;0.334889966063201;1.203285550931469;0.009339479962364
sort_1;2;14000;2.150997286080383;0.050474539981224;0.334491546032950;1.706792121985927;0.009468457079493
sort_1;2;14000;2.184660732047632;0.050467429915443;1.285260851029307;0.788901175954379;0.009358186973259
sort_1;2;14000;1.230563880992122;0.050570272956975;0.334337219013833;0.786250827019103;0.009383194032125
sort_1;2;14000;1.997598392073996;0.050535427057184;0.762550599058159;1.126958024920896;0.009363619028591
sort_1;2;14000;2.159450010978617;0.050595329026692;0.626361022004858;1.425431512063369;0.009368290891871
sort_1;2;14000;1.235395384952426;0.050674350000918;0.333329200046137;0.786879787920043;0.009272872004658
sort_1;2;14000;2.131111153052188;0.050500924000517;0.344233145006001;1.679138566949405;0.009536459110677
sort_1;2;14000;1.668252877076156;0.050472649978474;0.333160565001890;1.224162001046352;0.009405730990693
sort_1;2;14000;2.346568031003699;0.050484120030887;0.675861738040112;1.561890993965790;0.009512815042399
sort_1;2;14000;1.828821588074788;0.050364124937914;0.700467625050806;1.015834985999390;0.009459970053285
sort_1;2;14000;3.574223672971129;0.050339419045486;0.952908574952744;2.511837908998132;0.009436912951060
sort_1;2;14000;1.720198872964829;0.354106546030380;0.334855951019563;0.973148328019306;0.009425103082322
sort_1;2;14000;1.384571934002452;0.050807242048904;0.490111407940276;0.786733228014782;0.009348160936497
sort_1;2;14000;1.232411961886100;0.050265916041099;0.335983912926167;0.785639312933199;0.009327647043392
sort_1;2;14000;1.233161051990464;0.050513600930572;0.334050162928179;0.786185447941534;0.009358330047689
sort_1;2;14000;5.629828057019040;0.050415298086591;0.335395705071278;5.186367837944999;0.009479922009632
sort_1;2;14000;1.884124387986958;0.050706933019683;0.335734309046529;1.144318947102875;0.009427490993403
sort_1;2;14000;1.407711346982978;0.050609981990419;0.517174942069687;0.785333735984750;0.009309710934758
sort_1;2;14000;1.232837793999352;0.050630667945370;0.336421711952426;0.787689991993830;0.009346159058623
sort_1;1;7000;2.552781081991270;0.100798785919324;0.436196462018415;1.982274188078009;0.014805414015427
sort_1;1;7000;2.559108001063578;0.101123566040769;0.440429224981926;1.982603162061423;0.016134285950102
sort_1;1;7000;2.564196196035482;0.100078235962428;0.446330300997943;1.983167493948713;0.015904249972664
sort_1;1;7000;2.555068365996704;0.100045700906776;0.437694658059627;1.983223624061793;0.014964579022489
sort_1;1;7000;2.557477409020066;0.100079644005746;0.439735302003101;1.983030569972470;0.015868433052674
sort_1;1;7000;2.562093295040540;0.100348202977329;0.436470182030462;1.990377989015542;0.016104385955259
sort_1;1;7000;2.555844296002761;0.099374523037113;0.436801501084119;1.986039077979513;0.014865624019876
sort_1;1;7000;2.557068695081398;0.100054851965979;0.437208212912083;1.984381999936886;0.016440051025711
sort_1;1;7000;2.571314708911814;0.100034864968620;0.450542189064436;1.986507666064426;0.015397104085423
sort_1;1;7000;2.567279283073731;0.099980868981220;0.447281741071492;1.985560868051834;0.015334746916778
sort_1;1;7000;2.683171038050205;0.099642777000554;0.446748030022718;2.103359397966415;0.014571135048755
sort_1;1;7000;2.558733646990731;0.100502806017175;0.439356465940364;1.983215448912233;0.016541192075238
sort_1;1;7000;2.560200339998119;0.100051229004748;0.440138326957822;1.985382972052321;0.015854523051530
sort_1;1;7000;2.563585816998966;0.099903665948659;0.439367693034001;1.989338541054167;0.016182488994673
sort_1;1;7000;2.561805006000213;0.099405529093929;0.444108942989260;1.984970047953539;0.014614792075008
sort_1;1;7000;2.557633214979433;0.099904678994790;0.439965552999638;1.982190013048239;0.016470095957629
sort_1;1;7000;2.559159918921068;0.099437476950698;0.440993599942885;1.984626478981227;0.015359323006123
sort_1;1;7000;2.558314147987403;0.099410124006681;0.437732500024140;1.986169100971892;0.016199033940211
sort_1;1;7000;2.561435146024451;0.100045658065937;0.443133571068756;1.983935607015155;0.015526732080616
sort_1;1;7000;2.559383564977907;0.099856563028879;0.439814956043847;1.984117461950518;0.016478316043504
sort_2;5;35000;1.213136362028308;0.017782037961297;0.355064479983412;0.320568804047070;0.519588880008087
sort_2;5;35000;1.215870764921419;0.017792949918658;0.356358828954399;0.321648933109827;0.519931714050472
sort_2;5;35000;1.222470418899320;0.017798459040932;0.363471376011148;0.321708386065438;0.519345948006958
sort_2;5;35000;1.217507150024176;0.017795011051930;0.356420391006395;0.321962875081226;0.521192317013629
sort_2;5;35000;1.224416568991728;0.017765622935258;0.366534146945924;0.320701721007936;0.519273001933470
sort_2;5;35000;1.212251154938713;0.017923078034073;0.353380040964112;0.320768913021311;0.520047746947967
sort_2;5;35000;1.223509422037750;0.017793450038880;0.364944524015300;0.321347090997733;0.519292449927889
sort_2;5;35000;1.209521584096365;0.017813847051002;0.350728412973695;0.321152506978251;0.519683278049342
sort_2;5;35000;1.223177758045495;0.017773257102817;0.363657880923711;0.321947838994674;0.519652920076624
sort_2;5;35000;1.222947639063932;0.017801448004320;0.344532442046329;0.340055711916648;0.520421128952876
sort_2;5;35000;1.229764168965630;0.017765874043107;0.357066649943590;0.335445143980905;0.519349413923919
sort_2;5;35000;1.205420193960890;0.017799264052883;0.345284751965664;0.321908629033715;0.520283277961425
sort_2;5;35000;1.220494286972098;0.017829673015513;0.361704415059648;0.321310744038783;0.519507642020471
sort_2;5;35000;1.217940418981016;0.017851484008133;0.359326707082801;0.320866742986254;0.519757541012950
sort_2;5;35000;1.226186010986567;0.017745821969584;0.368492510053329;0.320263899979182;0.519548211013898
sort_2;5;35000;1.264004520955496;0.017813366022892;0.364481021068059;0.361613420071080;0.519958441029303
sort_2;5;35000;1.219526464934461;0.017768702004105;0.361218372010626;0.320926293032244;0.519481971045025
sort_2;5;35000;1.209413571050391;0.017799142980948;0.349595002015121;0.321245633065701;0.520640003029257
sort_2;5;35000;1.213778226985596;0.017784773954190;0.355995103949681;0.320587676018476;0.519273450947367
sort_2;5;35000;1.217293034074828;0.017808559001423;0.357310278923251;0.321494177100249;0.520546550978906
sort_2;7;49000;1.241474807029590;0.012791628018022;0.265238281921484;0.219234977965243;0.744029310997576
sort_2;7;49000;1.256513274973258;0.012814486050047;0.279318362940103;0.219053767970763;0.745126864057966
sort_2;7;49000;1.253456601989456;0.012852838030085;0.276402963092551;0.218234963016585;0.745784809929319
sort_2;7;49000;1.244696882087737;0.012795176939107;0.269872740027495;0.217846890911460;0.744010702008381
sort_2;7;49000;1.232351275975816;0.012733943993226;0.257581689977087;0.217708058073185;0.744144066004083
sort_2;7;49000;1.240089843049645;0.012755337986164;0.264849963015877;0.217891779029742;0.744421188952401
sort_2;7;49000;1.241505285957828;0.012840962968767;0.266652790014632;0.218143950100057;0.743682083091699
sort_2;7;49000;1.236058823997155;0.012790812063031;0.259785911068320;0.218535343999974;0.744768287986517
sort_2;7;49000;1.255307981977239;0.012807986000553;0.277748011983931;0.219001931953244;0.745565915014595
sort_2;7;49000;1.244100871961564;0.012798083014786;0.269681654055603;0.217467566952109;0.743986024986953
sort_2;7;49000;1.256935634999536;0.012970656040125;0.278984287055209;0.219068506965414;0.745747242937796
sort_2;7;49000;1.245589389931411;0.012743779923767;0.268604816985317;0.218319791951217;0.745752808987163
sort_2;7;49000;1.228685598005541;0.012732931994833;0.252614705008455;0.219110886915587;0.744049187051132
sort_2;7;49000;1.231858137995005;0.012769098975696;0.257661778945476;0.217673050006852;0.743567605037242
sort_2;7;49000;1.254606930073351;0.012753725051880;0.278432092978619;0.218411886016838;0.744820149033330
sort_2;7;49000;1.252191895036958;0.012809634907171;0.275245143915527;0.218269055942073;0.745686710928567
sort_2;7;49000;1.242175480001606;0.012813735986128;0.266969989985228;0.218457211973146;0.743757013930008
sort_2;7;49000;1.231867865077220;0.012707115965895;0.256868739030324;0.217912447988056;0.744194498984143
sort_2;7;49000;1.229369578999467;0.012759768054821;0.253414578037336;0.218679661978967;0.744341512094252
sort_2;7;49000;1.230199667043053;0.012756319018081;0.254601802909747;0.218058106023818;0.744596291915514
sort_2;4;28000;1.268509314977564;0.022390559897758;0.422458739019930;0.413986928993836;0.409557029022835
sort_2;4;28000;1.274439577013254;0.022298655938357;0.429794419091195;0.412980705033988;0.409227324998938
sort_2;4;28000;1.274303472950123;0.022252535098232;0.428680949029513;0.413697846001014;0.409543864079751
sort_2;4;28000;1.273881384986453;0.022274918039329;0.427410183008760;0.414378894027323;0.409695178968832
sort_2;4;28000;1.275087710935622;0.022187376976945;0.428012953954749;0.415493617998436;0.409265309921466
sort_2;4;28000;1.274063582066447;0.022329185972922;0.428355003008619;0.413868948002346;0.409391046967357
sort_2;4;28000;1.270827793050557;0.022216139012016;0.424968480947427;0.413863472989760;0.409659090917557
sort_2;4;28000;1.285273115034215;0.022253631963395;0.439379436895251;0.414103154093027;0.409412594977766
sort_2;4;28000;1.285251374938525;0.022302170982584;0.439202784909867;0.414154100930318;0.409466110053472
sort_2;4;28000;1.270273728063330;0.022171739023179;0.423401387990452;0.415131488000043;0.409447613055818
sort_2;4;28000;1.284020118997432;0.022228771005757;0.436975796008483;0.415153037989512;0.409538012114353
sort_2;4;28000;1.271838355925865;0.022233921918087;0.424783661961555;0.415377809084021;0.409315414959565
sort_2;4;28000;1.282638798002154;0.022258982062340;0.435379729955457;0.415141838020645;0.409736676025204
sort_2;4;28000;1.262489741086029;0.022293554968201;0.414371211896650;0.415699271950871;0.410003324970603
sort_2;4;28000;1.926956582930870;0.022277295007370;0.724183075013570;0.413598846993409;0.766769728972577
sort_2;4;28000;1.270860544987954;0.022258958080783;0.425489907967858;0.413795024040155;0.409194117062725
sort_2;4;28000;1.286157798953354;0.022183977998793;0.440181549987756;0.414202471030876;0.409456953988411
sort_2;4;28000;1.276860697078519;0.022346840007231;0.430690554087050;0.414057202986442;0.409646479994990
sort_2;4;28000;1.754442219040357;0.022320442949422;0.905054501956329;0.416050557978451;0.410895545966923
sort_2;4;28000;1.285448869923130;0.022249847068451;0.440572942025028;0.413311582989991;0.409194817999378
sort_2;10;70000;1.455063628964126;0.020862692035735;0.203135523945093;0.145110943936743;1.081859969068319
sort_2;10;70000;1.436216390924528;0.008981029037386;0.200840931036510;0.144505272037350;1.081648966995999
sort_2;10;70000;1.427235718001612;0.009013115079142;0.191550113027915;0.144810543046333;1.081622738973238
sort_2;10;70000;1.427858593058772;0.008978937985376;0.191020427970216;0.144874393008649;1.082750039990060
sort_2;10;70000;1.431991674005985;0.008956229081377;0.195778413093649;0.144273879006505;1.082751912996173
sort_2;10;70000;1.449585441034287;0.021342816995457;0.194339393987320;0.144535313011147;1.085279466002248
sort_2;10;70000;1.422501140972599;0.008964636013843;0.185390304075554;0.144489287980832;1.083431866951287
sort_2;10;70000;1.436562667018734;0.008990381960757;0.201023628003895;0.144881252082996;1.081444768002257
sort_2;10;70000;1.436637643957511;0.008959876955487;0.201512029976584;0.144416996976361;1.081513694953173
sort_2;10;70000;1.442876474000514;0.009003560990095;0.203098120982759;0.145028503960930;1.085514657082967
sort_2;10;70000;1.428408294101246;0.009020597906783;0.191419556969777;0.144448240054771;1.083283429965377
sort_2;10;70000;1.432260964997113;0.009005450992845;0.196430793032050;0.144685831037350;1.081902525038458
sort_2;10;70000;1.437977858004160;0.009020984056406;0.201690375921316;0.144924424937926;1.082106017973274
sort_2;10;70000;1.439397281035781;0.009021342033520;0.202919207047671;0.144339732942171;1.082879615947604
sort_2;10;70000;1.439442926086485;0.009007824002765;0.203928276896477;0.144422912970185;1.081850333954208
sort_2;10;70000;1.442970439908095;0.009002563892864;0.204381686053239;0.144200103008188;1.085152242914774
sort_2;10;70000;1.434451170032844;0.009005649015307;0.198869695072062;0.144647871027701;1.081696107983589
sort_2;10;70000;1.423418211983517;0.008978854049928;0.187733761966228;0.144940932979807;1.081524166977033
sort_2;10;70000;1.438255300046876;0.008967609959655;0.201900533982553;0.145276986993849;1.081866997992620
sort_2;10;70000;1.433195585967042;0.009003282058984;0.194666902069002;0.144264623988420;1.085021815961227
sort_2;6;42000;1.482426921022125;0.026900761062279;0.558258648030460;0.260893695987761;0.632260191021487
sort_2;6;42000;1.491799268987961;0.027743441052735;0.566769467084669;0.260829314938746;0.632375664892606
sort_2;6;42000;1.518399117048830;0.015298836980946;0.606649377965368;0.260587718919851;0.635687156114727
sort_2;6;42000;1.481759425951168;0.026863042963669;0.555870036012493;0.260614061960950;0.634331766981632
sort_2;6;42000;1.449093456030823;0.015257172985002;0.539169874973595;0.260567207005806;0.633912859018892
sort_2;6;42000;1.491420749109238;0.027240331051871;0.567350364988670;0.260499137919396;0.632255090051331
sort_2;6;42000;1.495364518021233;0.026948172948323;0.569873202941380;0.260963122011162;0.633482806035317
sort_2;6;42000;1.447183675947599;0.015209943056107;0.535522046033293;0.260596898035146;0.635673505021259
sort_2;6;42000;1.471328360959888;0.015284692053683;0.556897985981777;0.260232532978989;0.638726169010624
sort_2;6;42000;1.513134637963958;0.015327602974139;0.604041410959326;0.260902629001066;0.632691395934671
sort_2;6;42000;1.564965210040100;0.027491183020175;0.567213843925856;0.331434016930871;0.634718385990709
sort_2;6;42000;1.606175316032022;0.031876353896223;0.535407789051533;0.394533746060915;0.636252333992161
sort_2;6;42000;1.613124539027922;0.026948662940413;0.574904212029651;0.373650362947956;0.633542872965336
sort_2;6;42000;1.450074072927237;0.015255962032825;0.536482246010564;0.260868905112147;0.637276898021810
sort_2;6;42000;1.386694234912284;0.027560635004193;0.461283838958479;0.260208289953880;0.633507635910064
sort_2;6;42000;1.676043911953457;0.027350164018571;0.553562704008073;0.414595681009814;0.672440588008612
sort_2;6;42000;1.476264395983890;0.026862401980907;0.550098772044294;0.260759080993012;0.634408846963197
sort_2;6;42000;1.642516072024591;0.026841751998290;0.438875832944177;0.405290617956780;0.763401685049757
sort_2;6;42000;1.662771760951728;0.027370361960493;0.586802539997734;0.404123457963578;0.635973193915561
sort_2;6;42000;1.499840576085262;0.027447688975371;0.439130904036574;0.394877323997207;0.633269648998976
sort_2;11;77000;1.528021155972965;0.020099139073864;0.179748762981035;0.129228916019201;1.194719124003313
sort_2;11;77000;1.559883830021136;0.020085713011213;0.210045820102096;0.129455909016542;1.196051085949875
sort_2;11;77000;1.534036143100820;0.020131591008976;0.185280284029432;0.129017606028356;1.195352803915739
sort_2;11;77000;1.516024898039177;0.008189265965484;0.181838602991775;0.129595126025379;1.196119272033684
sort_2;11;77000;1.518664942006581;0.008201461983845;0.185055264970288;0.129335712059401;1.195783658069558
sort_2;11;77000;1.518592903972603;0.008196073002182;0.185660628019832;0.129561859066598;1.194892125902697
sort_2;11;77000;1.519701375043951;0.008195757050999;0.187053330941126;0.129027241957374;1.195151260006242
sort_2;11;77000;1.504869891912676;0.008205765974708;0.171689793001860;0.128994878032245;1.195698198047467
sort_2;11;77000;1.512095966027118;0.008195940055884;0.178454776993021;0.129810424987227;1.195347782108001
sort_2;11;77000;1.541928547085263;0.020056781009771;0.192015778971836;0.129264787072316;1.196349171106704
sort_2;11;77000;1.531514973961748;0.020104881026782;0.180618496960960;0.129715731018223;1.196960753062740
sort_2;11;77000;1.517977215000428;0.008182310964912;0.185010495013557;0.129015868064016;1.195488886907697
sort_2;11;77000;1.510677951970138;0.008197757997550;0.178188199992292;0.129552026977763;1.194446493056603
sort_2;11;77000;1.509581565973349;0.008220367948525;0.177322209929116;0.129236089065671;1.194517288007773
sort_2;11;77000;1.513591135968454;0.008205223013647;0.176740025985055;0.129365851054899;1.194993429002352
sort_2;11;77000;1.519877356011420;0.008198975934647;0.182294532074593;0.129284228081815;1.199786518933252
sort_2;11;77000;1.558923339936882;0.020155741018243;0.210928417043760;0.129585496964864;1.194043557043187
sort_2;11;77000;1.534172373008914;0.020112213096581;0.185217569000088;0.128766231006011;1.195933138020337
sort_2;11;77000;1.550008499063551;0.020149423973635;0.198030023020692;0.129194103996269;1.198376548010856
sort_2;11;77000;1.518772285082377;0.008179211989045;0.187200870015658;0.129254023078829;1.193857064004987
sort_2;9;63000;1.358926350018010;0.010033800965175;0.216184159042314;0.163359485915862;0.969120893045329
sort_2;9;63000;1.779672284028493;0.022728429990821;0.214919533929788;0.163791378028691;1.374159700004384
sort_2;9;63000;1.371496878913604;0.009971296996810;0.228356586070731;0.162804535008036;0.970145576051436
sort_2;9;63000;1.369970427942462;0.010006316006184;0.228023587958887;0.162930347025394;0.968781482079066
sort_2;9;63000;1.363824111060239;0.009956673951820;0.222064481000416;0.162759936996736;0.968805284937844
sort_2;9;63000;1.361804996035062;0.009989565005526;0.220400983002037;0.162469149916433;0.968713043024763
sort_2;9;63000;1.602919554919936;0.009978257934563;0.217486600042321;0.163326228037477;1.211894146981649
sort_2;9;63000;1.360397428972647;0.009990641032346;0.217479954008013;0.162932345992886;0.969764270004816
sort_2;9;63000;1.353887355071492;0.009969027945772;0.211190168978646;0.162738934042864;0.969762761960737
sort_2;9;63000;1.658480523037724;0.022750507923774;0.223553069052286;0.163607980008237;1.244491908000782
sort_2;9;63000;1.367434682091698;0.009974436019547;0.221992251928896;0.162511448026635;0.972711123991758
sort_2;9;63000;1.759334383066744;0.009988514008000;0.614061394007877;0.162984666065313;0.972070369985886
sort_2;9;63000;1.902051846031100;0.009993896004744;0.224952229997143;0.163068253081292;1.503807027009316
sort_2;9;63000;1.372671902994625;0.010002392926253;0.229569989955053;0.163085315958597;0.969781817984767
sort_2;9;63000;1.579950059065595;0.009988966048695;0.219148372998461;0.162930498016067;1.187646361067891
sort_2;9;63000;1.376425869064406;0.022232774063013;0.218202444026247;0.162676342995837;0.969238728983328
sort_2;9;63000;1.939443261944689;0.022758282953873;0.224833587068133;0.162712433957495;1.525063485023566
sort_2;9;63000;1.364421676029451;0.009939190000296;0.221623469959013;0.162706580944359;0.969899478019215
sort_2;9;63000;1.881169227999635;0.009982478921302;0.236344434088096;0.163150456966832;1.471464906004258
sort_2;9;63000;1.924335478921421;0.009948593098670;0.230038922047243;0.162448480026796;1.521654852898791
sort_2;12;84000;1.761384677025490;0.007799599086866;0.329255806980655;0.116551653947681;1.307448994019069
sort_2;12;84000;1.758189663058147;0.007770711905323;0.325849611079320;0.116674454067834;1.307577566942200
sort_2;12;84000;1.785279031959362;0.007762432913296;0.349732322967611;0.116522594005801;1.310960786067881
sort_2;12;84000;1.741879046894610;0.007707022014074;0.308322309982032;0.116146577987820;1.309389055939391
sort_2;12;84000;1.742995812906884;0.007785127032548;0.308197706937790;0.116424484993331;1.310278728022240
sort_2;12;84000;1.743125805980526;0.007828886969946;0.308490150026046;0.116580015979707;1.309916047961451
sort_2;12;84000;1.837135736015625;0.018848517094739;0.318881948012859;0.186103680054657;1.309162999037653
sort_2;12;84000;1.785268390900455;0.025408899993636;0.332228383049369;0.116627358016558;1.306889517931268
sort_2;12;84000;1.827490485040471;0.031431221053936;0.285981941968203;0.194793016067706;1.307133484049700
sort_2;12;84000;1.777933800010942;0.031789132975973;0.238301791017875;0.193231084966101;1.306443685083650
sort_2;12;84000;1.755837772972882;0.007883323938586;0.323870394960977;0.116856370936148;1.306865807040595
sort_2;12;84000;1.743723754072562;0.007787602953613;0.307387984008528;0.116611847071908;1.311607604962774
sort_2;12;84000;1.758381427032873;0.007698995992541;0.326543006929569;0.116575649008155;1.307233070023358
sort_2;12;84000;1.758892715093680;0.007750882068649;0.324634035932831;0.116573142935522;1.309599759988487
sort_2;12;84000;1.747493456001393;0.018933463026769;0.300880018970929;0.116376507910900;1.307153785950504
sort_2;12;84000;1.758402039995417;0.007812586030923;0.325913520995528;0.116621560999192;1.307732652989216
sort_2;12;84000;1.760312172933482;0.007792303105816;0.327175237936899;0.116281974944286;1.308756314916536
sort_2;12;84000;1.810123767936602;0.019252054044046;0.300474750925787;0.179716947954148;1.306543609942310
sort_2;12;84000;1.797888522967696;0.007789112045430;0.350226619979367;0.129809941980056;1.309732299996540
sort_2;12;84000;1.763152328901924;0.007696762913838;0.328091831062920;0.116795326001011;1.310249065980315
sort_2;8;56000;1.535706920083612;0.011107856989838;0.460400539101101;0.186674264958128;0.859976239036769
sort_2;8;56000;1.959335225983523;0.011091875028796;0.479937464930117;0.187037947005592;1.264429295086302
sort_2;8;56000;1.465536910924129;0.011503955000080;0.408575264038518;0.187385311000980;0.857850818079896
sort_2;8;56000;1.533885281998664;0.011612347094342;0.476512731052935;0.186337957042269;0.859191414085217
sort_2;8;56000;1.468419286073186;0.011526925023645;0.412285226979293;0.186897797975689;0.857485776068643
sort_2;8;56000;1.521772608975880;0.011653520981781;0.465977865969762;0.186553832027130;0.857366370037198
sort_2;8;56000;2.065380696090870;0.023237059940584;0.785401480039582;0.298406062996946;0.950211080955341
sort_2;8;56000;1.544536161934957;0.011073851957917;0.470217572990805;0.187464950955473;0.859396690968424
sort_2;8;56000;1.857294848072343;0.011091619962826;0.507790800067596;0.462517094914801;0.858847433002666
sort_2;8;56000;1.996926464955322;0.023884888039902;0.534861265914515;0.186853307997808;1.247242927085608
sort_2;8;56000;1.615751426084898;0.023499084985815;0.542448497959413;0.186409772024490;0.858787014032714
sort_2;8;56000;2.077707548043691;0.011527376947924;1.021426236024126;0.187000249046832;0.857518517994322
sort_2;8;56000;1.986978015978821;0.024077470065095;0.541807906003669;0.285739892045967;1.127194361994043
sort_2;8;56000;1.524580523953773;0.011074102018028;0.449988794047385;0.187586255953647;0.859663126058877
sort_2;8;56000;2.407084660022520;0.011052196961828;0.494074139976874;0.842892543994822;1.038047528942116
sort_2;8;56000;1.595433066948317;0.036841482971795;0.503319144016132;0.187044215970673;0.864123967010528
sort_2;8;56000;2.094892314984463;0.023943735985085;0.517836841056123;0.691303857951425;0.857740373001434
sort_2;8;56000;2.142788412049413;0.023509511025622;0.513733905972913;0.737859432934783;0.863539035082795
sort_2;8;56000;2.205126650049351;0.011104937060736;0.474308787961490;0.187398469075561;1.516005325014703
sort_2;8;56000;1.761750536039472;0.011052183923312;0.435853207018226;0.345551473088562;0.948790851980448
sort_2;13;91000;1.854595083044842;0.018918900983408;0.290960734011605;0.115684494026937;1.424815613892861
sort_2;13;91000;1.879908696981147;0.017705369973555;0.323365508927964;0.115236894926056;1.419435789925046
sort_2;13;91000;1.890052623930387;0.017721789074130;0.338228847016580;0.105899806017987;1.424049846013077
sort_2;13;91000;1.826475786976516;0.007122369948775;0.290860202047043;0.106309717986733;1.421862100018188
sort_2;13;91000;1.824358614976518;0.007095790002495;0.289293028996326;0.105838687974028;1.421799864037894
sort_2;13;91000;1.881405526073650;0.016812042100355;0.329420745954849;0.106644244049676;1.424362854100764
sort_2;13;91000;1.870026615913957;0.017759670969099;0.322778017027304;0.105926432996057;1.419472840963863
sort_2;13;91000;1.878750359988771;0.017667826963589;0.316039680037647;0.116263633011840;1.424681871896610
sort_2;13;91000;1.884204020025209;0.017751667066477;0.323276442009956;0.114791736938059;1.424216771963984
sort_2;13;91000;1.925087965093553;0.017747260048054;0.317259160103276;0.175458712037653;1.406448332942091
sort_2;13;91000;2.046430729911663;0.017695422051474;0.377981806988828;0.162051114020869;1.480517562013119
sort_2;13;91000;1.907527495990507;0.022646771976724;0.354781346046366;0.105986515991390;1.419930468080565
sort_2;13;91000;1.927590065053664;0.017725929967128;0.357963429996744;0.128713918966241;1.419021283043548
sort_2;13;91000;1.877995452028699;0.023535846965387;0.319961717003025;0.111253420938738;1.419045418966562
sort_2;13;91000;1.937073746928945;0.029842396965250;0.311554988962598;0.162524655926973;1.425000816001557
sort_2;13;91000;1.870577262016013;0.017712572007440;0.317766842083074;0.105786281055771;1.425147325964645
sort_2;13;91000;1.875447315978818;0.012361890054308;0.328288870980032;0.105977989034727;1.424730413011275
sort_2;13;91000;1.836905944044702;0.013955097994767;0.289070831960998;0.106321210041642;1.423391534015536
sort_2;13;91000;2.025124793988653;0.017796093947254;0.371125721954741;0.166597726987675;1.461421470041387
sort_2;13;91000;1.979179096058942;0.017668067943305;0.387541607022285;0.150263783987612;1.419556476059370
sort_2;16;112000;1.996474146959372;0.015237139072269;0.131249547004700;0.083808623952791;1.758043534005992
sort_2;16;112000;1.987753857974894;0.005689668003470;0.132425550022162;0.088971818913706;1.760265611112118
sort_2;16;112000;1.982478567981161;0.005667307064869;0.130761689972132;0.084025325952098;1.757907616090961
sort_2;16;112000;1.977262711967342;0.005704879993573;0.129401088925079;0.083539022016339;1.758211661013775
sort_2;16;112000;1.991363505017944;0.005658244015649;0.138787371921353;0.083078830037266;1.759719845023938
sort_2;16;112000;1.984578942065127;0.005710368044674;0.131679230020382;0.082665205001831;1.760125853936188
sort_2;16;112000;1.985653516952880;0.005670724087395;0.132817448931746;0.082935675978661;1.763822021079250
sort_2;16;112000;2.012390280026011;0.015245763934217;0.150708561064675;0.082772192894481;1.759413614054210
sort_2;16;112000;2.021006144932471;0.015215520048514;0.156863955082372;0.082617720006965;1.762105345958844
sort_2;16;112000;2.031732533941977;0.015163965988904;0.169226960046217;0.083170284982771;1.759964120923541
sort_2;16;112000;2.018750886083581;0.015182596980594;0.153103722026572;0.082995360018685;1.763260658015497
sort_2;16;112000;2.012398726074025;0.015218800981529;0.147436018101871;0.082675283076242;1.762850380968302
sort_2;16;112000;2.056329427985474;0.024175839964300;0.183160221087746;0.083035563002340;1.757701101014391
sort_2;16;112000;2.012330334982835;0.015224069007672;0.149877236108296;0.083465136005543;1.759552686940879
sort_2;16;112000;2.044868553988636;0.024160212953575;0.170513357035816;0.082650981959887;1.759318242082372
sort_2;16;112000;2.033794224029407;0.015204144991003;0.173342433059588;0.082931879907846;1.758106217952445
sort_2;16;112000;2.011582175968215;0.015217266976833;0.148900637985207;0.082818562048487;1.760244086035527
sort_2;16;112000;2.007069208077155;0.015178957954049;0.146049560979009;0.082631402998231;1.758955728029832
sort_2;16;112000;2.004916394944303;0.015174780972302;0.143594855093397;0.082818848080933;1.758930457988754
sort_2;16;112000;2.055219336063601;0.015150864026509;0.176036376971751;0.093972928007133;1.765269544906914
sort_2;15;105000;2.074458073009737;0.015948784071952;0.255130983074196;0.140934551018290;1.650216124951839
sort_2;15;105000;2.088874344015494;0.015926431049593;0.205423885025084;0.166575836949050;1.688797787996009
sort_2;15;105000;2.095690112095326;0.025765707949176;0.238551712012850;0.142245159018785;1.677031356026419
sort_2;15;105000;2.041608709958382;0.015946867060848;0.218517489964142;0.148581131012179;1.650318145984784
sort_2;15;105000;2.116399605059996;0.026861335965805;0.200883258017711;0.144054958946072;1.732486433931626
sort_2;15;105000;2.018249397980981;0.006550062098540;0.216522675007582;0.127992982976139;1.645772677962668
sort_2;15;105000;2.097328800940886;0.015884194057435;0.233990624896251;0.150302382069640;1.685011732974090
sort_2;15;105000;2.108120079035871;0.015947862062603;0.217427265015431;0.140289515955374;1.726212791982107
sort_2;15;105000;2.196806206018664;0.028443797025830;0.196618789923377;0.153052965993993;1.810459926957265
sort_2;15;105000;2.085782596026547;0.015897474018857;0.274349216022529;0.134434668929316;1.648985697072931
sort_2;15;105000;2.034440370975062;0.015895461081527;0.216873127035797;0.145263650920242;1.648179797921330
sort_2;15;105000;2.042578921071254;0.015966166043654;0.226771835004911;0.141193783958443;1.650392123032361
sort_2;15;105000;2.046653961995617;0.007122228969820;0.228878704947419;0.138525307993405;1.651260793092661
sort_2;15;105000;2.045953731983900;0.024700297974050;0.204001178033650;0.153469769051298;1.651672875974327
sort_2;15;105000;2.033556925947778;0.015893683070317;0.227065864950418;0.141000611009076;1.637497339979745
sort_2;15;105000;2.036481361021288;0.015929023968056;0.202412012033165;0.153501357068308;1.652539554052055
sort_2;15;105000;2.020606188103557;0.028030626010150;0.198797986959107;0.140407277969643;1.645128892967477
sort_2;15;105000;2.031144162989222;0.015910732094198;0.207118449034169;0.158871438005008;1.640828201081604
sort_2;15;105000;2.066656333976425;0.016178176039830;0.230539344018325;0.141227037995122;1.670461878995411
sort_2;15;105000;2.097372420015745;0.007456852938049;0.262606813921593;0.153447754913941;1.649290857953019
sort_2;14;98000;2.008706129970960;0.008636377984658;0.338315861998126;0.101653498946689;1.547373589011841
sort_2;14;98000;2.019313593045808;0.006592924008146;0.362965682987124;0.097986535052769;1.535439403029159
sort_2;14;98000;2.022652548039332;0.006531966035254;0.355757681070827;0.099531293963082;1.545906010898761
sort_2;14;98000;1.974820871022530;0.017140136100352;0.322177249006927;0.097432042006403;1.533822141005658
sort_2;14;98000;2.094160777982324;0.006731392000802;0.385133206029423;0.148240305017680;1.539285645936616
sort_2;14;98000;2.107654429040849;0.016766363056377;0.356389337917790;0.197641364065930;1.528481653891504
sort_2;14;98000;2.256529706995934;0.016766160028055;0.309405483072624;0.155453676008619;1.762724849046208
sort_2;14;98000;2.055004240013659;0.016714446013793;0.342351351981051;0.146512696985155;1.537302418029867
sort_2;14;98000;2.056566654006019;0.017778638051823;0.311980079975910;0.174849960952997;1.539783765096217
sort_2;14;98000;2.062101121991873;0.027045393013395;0.338056644075550;0.148493039887398;1.536137106013484
sort_2;14;98000;2.076007434981875;0.027050797012635;0.392639381927438;0.107719211024232;1.540213545900770
sort_2;14;98000;2.085302070947364;0.034192963968962;0.346745527000166;0.148661277955398;1.539553037961014
sort_2;14;98000;1.973620129050687;0.016683030989952;0.319306183024310;0.097299058106728;1.536160457064398
sort_2;14;98000;2.028128213016316;0.016794816008769;0.319232768029906;0.146248906967230;1.533669349970296
sort_2;14;98000;2.056954064988531;0.029095717938617;0.320951817906462;0.156710151932202;1.541931489948183
sort_2;14;98000;2.075823937077075;0.016745009925216;0.364128637011163;0.149020574986935;1.537728168070316
sort_2;14;98000;2.078226318932138;0.028962514013983;0.353831787011586;0.148271008976735;1.538948237081058
sort_2;14;98000;1.919260332942940;0.006709148990922;0.282592033036053;0.097194164991379;1.532380847958848
sort_2;14;98000;2.066847030073404;0.017848211922683;0.332701042992994;0.149046896956861;1.559015428996645
sort_2;14;98000;2.069611089071259;0.029817597009242;0.336198871955276;0.160031827981584;1.535404331982136
sort_2;1;7000;2.840073383995332;0.087939989985898;0.663719672942534;1.981676561990753;0.106725719990209
sort_2;1;7000;2.846853467985056;0.087751507991925;0.665483959950507;1.987167152925394;0.106438267976046
sort_2;1;7000;2.849733568029478;0.087793410057202;0.669548672041856;1.985854687984101;0.106531787081622
sort_2;1;7000;2.842864414909855;0.087762624025345;0.663439244031906;1.985182262025774;0.106467701029032
sort_2;1;7000;2.848066161968745;0.087930424022488;0.668357525952160;1.985231033992022;0.106536458013579
sort_2;1;7000;2.847262416034937;0.087824692949653;0.669688830035739;1.983215098036453;0.106528891948983
sort_2;1;7000;2.867205298971385;0.087838746025227;0.689014544943348;1.983635582029819;0.106710789026693
sort_2;1;7000;2.846686215023510;0.087980972952209;0.668700609006919;1.983318834914826;0.106669446104206
sort_2;1;7000;2.855118036968634;0.087848594994284;0.675491402973421;1.985181826981716;0.106590925017372
sort_2;1;7000;2.858454987057485;0.087806757888757;0.671540123992600;1.992584215011448;0.106510997051373
sort_2;1;7000;2.853765288018622;0.087779500056058;0.673247224069200;1.986132172052749;0.106601774925366
sort_2;1;7000;2.854063636041246;0.087953947018832;0.672617044998333;1.986776900012046;0.106702722958289
sort_2;1;7000;2.857745648012497;0.087903273990378;0.678425707970746;1.984716759994626;0.106688804924488
sort_2;1;7000;2.846695713000372;0.087802099063993;0.667888037045486;1.984493284951895;0.106498950975947
sort_2;1;7000;2.853462641010992;0.087762535898946;0.675002138013951;1.984105261974037;0.106582205975428
sort_2;1;7000;2.848103401949629;0.087936930009164;0.663758420036174;1.989698383957148;0.106697060982697
sort_2;1;7000;2.852524482994340;0.087913747993298;0.670202285051346;1.987642274936661;0.106753200991079
sort_2;1;7000;2.848549267044291;0.088004922959954;0.671530234976672;1.982300601084717;0.106701283017173
sort_2;1;7000;2.847447182983160;0.087819396052510;0.669183003949001;1.983865921967663;0.106567204929888
sort_2;1;7000;2.854506250005215;0.087922169012018;0.675190760986879;1.984668044955470;0.106718098046258
sort_2;3;21000;1.481121078948490;0.029641504050232;0.579462368041277;0.572090997942723;0.299837382975966
sort_2;3;21000;2.054452616954222;0.029488504980691;0.531437616911717;1.193590189912356;0.299845219939016
sort_2;3;21000;1.435466987895779;0.029530429979786;0.534055275958963;0.571867475053295;0.299925829051062
sort_2;3;21000;1.700832417001948;0.029498327989131;0.534436083980836;0.570623045088723;0.566184076946229
sort_2;3;21000;2.094190888106823;0.029487053048797;1.193241108907387;0.571447293041274;0.299927386105992
sort_2;3;21000;1.454614240908995;0.029522155993618;0.552589637925848;0.572587392991409;0.299814519006759
sort_2;3;21000;1.446282132063061;0.029445623047650;0.543684047996067;0.573232603957877;0.299834070028737
sort_2;3;21000;1.434846397023648;0.029545190045610;0.533708686009049;0.571664365008473;0.299840482999571
sort_2;3;21000;1.435162746929564;0.029518868075684;0.533814135007560;0.572025217930786;0.299708263017237
sort_2;3;21000;2.258211048087105;0.029451394919306;0.539503913023509;1.172214619000442;0.516947260010056
sort_2;3;21000;5.033674097037874;0.029547314043157;2.282145565026440;0.571308927028440;2.150582310976461
sort_2;3;21000;7.196864651981741;0.029523319914006;2.910211088950746;3.957245105062611;0.299797423067503
sort_2;3;21000;1.479735324042849;0.029477422009222;0.578324959962629;0.571006317972206;0.300843114964664
sort_2;3;21000;1.771364738000557;0.368140114005655;0.531386523973197;0.572106975014322;0.299644887913018
sort_2;3;21000;2.606831228011288;0.029493993963115;1.316195316030644;0.961154146003537;0.299890824011527
sort_2;3;21000;1.462131893029436;0.029624918010086;0.560365580022335;0.572105371044017;0.299937795032747
sort_2;3;21000;1.428454693057574;0.029548035003245;0.526550217997283;0.572439103969373;0.299831037060358
sort_2;3;21000;5.522905856021680;0.029438101919368;0.533424034016207;4.660163553082384;0.299793783924542
sort_2;3;21000;8.359828933957033;0.029532797052525;1.300645056995563;6.728947791038081;0.300606837030500
sort_2;3;21000;2.333592670038342;0.029482615995221;1.041369556915015;0.570819229003973;0.691825416055508
sort_2;2;14000;1.847801662050188;0.044228448066860;0.711119328974746;0.897348325001076;0.195024440065026
sort_2;2;14000;2.477035035029985;0.044157402939163;1.340364097035490;0.897479837993160;0.194958008010872
sort_2;2;14000;1.843276983010583;0.044089800096117;0.704927028040402;0.899264101055451;0.194930540048517
sort_2;2;14000;3.126089460914955;0.044182664016262;0.970792290987447;1.552811817033216;0.558234677999280
sort_2;2;14000;1.852869253023528;0.044085016008466;0.718427187995985;0.895338809001260;0.194945586961694
sort_2;2;14000;1.848386330995709;0.044076062971726;0.712995255016722;0.896294048987329;0.194949910975993
sort_2;2;14000;1.860825281008147;0.044064761954360;0.724990196991712;0.896827034070157;0.194876182009466
sort_2;2;14000;2.668828279012814;0.044185985927470;0.715445217909291;1.714107331936248;0.195019792066887
sort_2;2;14000;7.036498371046036;0.044286646996625;2.421311468002386;2.749238803982735;1.821592792053707
sort_2;2;14000;7.791014221962541;0.044159368961118;6.432834870996885;1.118742748978548;0.195202797069214
sort_2;2;14000;2.180127527099103;0.044154533999972;0.704104242031462;1.237021964043379;0.194782929029316
sort_2;2;14000;3.018394566955976;0.044173494912684;0.718034686986357;2.061145786894485;0.194973114994355
sort_2;2;14000;1.842171007068828;0.044299935922027;0.702857709955424;0.900030177086592;0.194904571049847
sort_2;2;14000;1.842196408077143;0.044143432984129;0.704613244975917;0.898574768099934;0.194791528047062
sort_2;2;14000;6.677592414896935;0.044157207943499;4.480448841000907;1.957674111006781;0.195249112090096
sort_2;2;14000;11.119134778040461;0.044301248039119;9.075844074017368;1.412135702907108;0.586786491912790
sort_2;2;14000;6.679190963041037;0.044206479913555;4.209174624993466;2.230891315964982;0.194846699014306
sort_2;2;14000;4.187143468996510;0.772426459006965;1.387865839991719;0.901129025034606;1.125651636975817
sort_2;2;14000;1.857167267007753;0.044124076957814;0.723276901058853;0.894783028983511;0.194912620005198
sort_2;2;14000;2.271440478973091;0.044055972946808;0.718314504018053;1.313969670096412;0.195025826105848
sort_4;7;49000;1.206825672998093;0.012799074989744;0.230962028028443;0.218784420052543;0.744111763080582
sort_4;7;49000;1.208152843988501;0.012813620967790;0.233475507004187;0.217956620967016;0.743751444970258
sort_4;7;49000;1.205975220073014;0.012754607945681;0.230759158032015;0.217951624072157;0.744346633087844
sort_4;7;49000;1.209325461997651;0.012809353997000;0.234697094070725;0.217867045081221;0.743781436001882
sort_4;7;49000;1.206012554001063;0.012758482946083;0.231813770020381;0.217619642964564;0.743640845990740
sort_4;7;49000;1.207157669006847;0.012811233988032;0.232697180937976;0.217886143014766;0.743597610970028
sort_4;7;49000;1.206571936025284;0.012821043026634;0.231732778018340;0.218021802953444;0.743829126935452
sort_4;7;49000;1.206630965927616;0.012820245930925;0.232322274008766;0.217878603027202;0.743437750032172
sort_4;7;49000;1.208408142905682;0.012750977999531;0.232723608962260;0.218201810959727;0.744567652931437
sort_4;7;49000;1.202485925052315;0.012785293976776;0.228459707926959;0.217604544013739;0.743474777089432
sort_4;7;49000;1.202121804002672;0.012791739078239;0.227663064957596;0.217609917977825;0.743890105048195
sort_4;7;49000;1.209182922029868;0.012903194990940;0.233970841043629;0.218056326033548;0.744094559107907
sort_4;7;49000;1.203834805055521;0.012822357937694;0.229026223067194;0.218123140977696;0.743694021017291
sort_4;7;49000;1.208229190087877;0.012837762013078;0.233521241112612;0.217816505930386;0.743889754055999
sort_4;7;49000;1.208985492005013;0.012790846056305;0.233981617959216;0.218102731974795;0.743945299996994
sort_4;7;49000;1.208585252054036;0.012793287984096;0.233717827941291;0.218035812024027;0.743869515019469
sort_4;7;49000;1.206363047007471;0.012769836001098;0.231846713926643;0.217739998945035;0.743835264933296
sort_4;7;49000;1.205997962970287;0.012809064006433;0.231546125025488;0.217692904989235;0.743778180098161
sort_4;7;49000;1.208877954981290;0.012770432047546;0.233010599040426;0.218247257987969;0.744677023030818
sort_4;7;49000;1.206382139003836;0.012773743015714;0.231435109977610;0.218180913012475;0.743824995937757
sort_4;5;35000;1.174729268997908;0.017916130018421;0.311040792032145;0.324943511048332;0.520708051044494
sort_4;5;35000;1.151582840946503;0.017811544938013;0.292583968024701;0.320693425019272;0.520355548011139
sort_4;5;35000;1.173678633989766;0.017857171013020;0.312144496012479;0.322124470025301;0.521402603015304
sort_4;5;35000;1.168800749001093;0.017847674083896;0.308099181973375;0.321163672022521;0.521558115957305
sort_4;5;35000;1.161723939003423;0.017723521916196;0.301537115941755;0.321535105002113;0.520788450026885
sort_4;5;35000;1.151823476073332;0.017790667014197;0.291847039945424;0.321038088994101;0.521009751013480
sort_4;5;35000;1.164233719930053;0.017809725017287;0.303067300003022;0.321934893960133;0.521282317931764
sort_4;5;35000;1.148050046991557;0.017803094000556;0.289350509061478;0.320093972957693;0.520669615943916
sort_4;5;35000;1.147360677015968;0.017753203050233;0.287806550972164;0.321151498006657;0.520505563938059
sort_4;5;35000;1.174889403046109;0.017813832033426;0.314776887069456;0.321339009096846;0.520807286025956
sort_4;5;35000;2.212622715043835;0.017905822023749;0.310049145948142;0.651757957064547;1.232769371010363
sort_4;5;35000;1.156565460958518;0.017828518990427;0.297177164000459;0.320998237002641;0.520422396948561
sort_4;5;35000;1.166062226053327;0.017824901035056;0.306151886004955;0.320727766025811;0.521211242070422
sort_4;5;35000;1.147669369936921;0.017801036010496;0.288522342918441;0.320558423991315;0.520652047940530
sort_4;5;35000;1.147531728027388;0.017805189010687;0.288138185045682;0.320845469948836;0.520607760059647
sort_4;5;35000;1.151024227030575;0.017792030936107;0.291094442014582;0.321448873961344;0.520551673951559
sort_4;5;35000;1.149087999947369;0.017794044921175;0.289058293914422;0.321282117976807;0.520813829032704
sort_4;5;35000;1.501109967008233;0.017769488971680;0.290986789041199;0.503465336980298;0.688746448955499
sort_4;5;35000;1.148995999014005;0.017740419018082;0.290015961043537;0.320328830974177;0.520756046986207
sort_4;5;35000;1.148755931062624;0.017822133959271;0.289443615940399;0.320757462992333;0.520593729917891
sort_4;9;63000;1.336910862009972;0.010039658984169;0.189968200982548;0.163177517009899;0.973478770931251
sort_4;9;63000;1.332762402947992;0.009982143063098;0.189845558023080;0.163341191946529;0.969370976090431
sort_4;9;63000;1.330164646962658;0.010023957001977;0.186701313010417;0.162837241077796;0.969997867941856
sort_4;9;63000;1.320624370942824;0.009927566046827;0.177559033036232;0.162926233024336;0.969987147953361
sort_4;9;63000;1.363750152988359;0.022458971012384;0.199634263059124;0.162871592910960;0.974710209993646
sort_4;9;63000;1.332574527943507;0.009987288038246;0.188389859977178;0.162466216017492;0.971507705980912
sort_4;9;63000;1.329547181958333;0.009970558923669;0.186425581923686;0.162960612913594;0.969971308019012
sort_4;9;63000;1.329775796039030;0.009985946933739;0.186004098039120;0.162465170957148;0.971107710036449
sort_4;9;63000;1.327091829967685;0.009958304930478;0.184454984962940;0.162258252967149;0.970210516010411
sort_4;9;63000;1.342115015024319;0.022091055987403;0.183639210998081;0.162448909017257;0.969863983918913
sort_4;9;63000;1.336561553995125;0.009995682048611;0.188844257965684;0.163201535004191;0.974277221015655
sort_4;9;63000;1.330310795921832;0.009966708952561;0.187464784015901;0.162658320041373;0.969996614032425
sort_4;9;63000;1.329068335937336;0.009947716025636;0.186401344952174;0.162728050025180;0.969769160961732
sort_4;9;63000;1.338057994958945;0.014897370943800;0.177621115930378;0.162378650042228;0.971072917920537
sort_4;9;63000;1.342117948923260;0.022338521899655;0.183333444059826;0.162378740962595;0.969997692969628
sort_4;9;63000;1.329056207090616;0.010028376011178;0.185842025908642;0.162908473983407;0.970044324058108
sort_4;9;63000;1.353033217950724;0.021946205059066;0.194164984975941;0.162717427010648;0.970119670033455
sort_4;9;63000;1.336944247945212;0.010024497983977;0.192193194990978;0.162935164989904;0.971558153978549
sort_4;9;63000;1.331501016975380;0.009969137958251;0.188732602982782;0.162752442993224;0.969813717994839
sort_4;9;63000;1.331979203037918;0.010006243945099;0.187831257935613;0.162104560993612;0.971816456993110
sort_4;6;42000;1.156597906025127;0.014903053990565;0.249229239998385;0.259678949019872;0.632624296005815
sort_4;6;42000;1.156119663035497;0.014894919004291;0.249013473978266;0.259256153018214;0.632781138992868
sort_4;6;42000;1.997166314977221;0.014873640029691;0.248515659943223;1.101074032019824;0.632533338037319
sort_4;6;42000;1.157071653986350;0.014939951011911;0.248405029997230;0.260445122024976;0.633119257050566
sort_4;6;42000;1.381698649958707;0.014891376951709;0.248806387069635;0.259835978969932;0.857997259940021
sort_4;6;42000;1.157587261986919;0.014863700023852;0.249584447941743;0.260123526910320;0.632843315950595
sort_4;6;42000;1.157521427958272;0.014901887974702;0.249727457063273;0.259932250017300;0.632793743978254
sort_4;6;42000;1.211368057993241;0.014877944951877;0.250157035072334;0.259625018923543;0.686538876965642
sort_4;6;42000;1.771421234938316;0.299983633100055;0.249951294041239;0.259714568965137;0.961609293008223
sort_4;6;42000;1.664396357024089;0.014866837998852;0.596472162986174;0.259622465935536;0.793265735032037
sort_4;6;42000;1.341535854968242;0.014827316976152;0.434172329027206;0.259772254037671;0.632607735926285
sort_4;6;42000;1.167754155001603;0.014882797957398;0.249576339963824;0.270537707023323;0.632591556059197
sort_4;6;42000;1.152727684006095;0.014862915035337;0.245346055948175;0.259999545989558;0.632355527952313
sort_4;6;42000;1.156526187085547;0.014889592071995;0.248519346001558;0.259920106967911;0.633029191987589
sort_4;6;42000;1.153471161960624;0.014904562965967;0.246309272944927;0.259226419962943;0.632868224056438
sort_4;6;42000;1.154517353978008;0.014872055966407;0.247026036959141;0.259643123019487;0.632814106065780
sort_4;6;42000;1.154079924919643;0.014853982953355;0.246850616997108;0.259469196083955;0.632742156973109
sort_4;6;42000;1.153081728960387;0.014868457918055;0.245823167031631;0.259835925069638;0.632391221006401
sort_4;6;42000;1.155024033971131;0.014838445931673;0.246797321015038;0.260866211960092;0.632348156999797
sort_4;6;42000;1.152605452109128;0.014857055968605;0.245792822912335;0.259322955040261;0.632468133931980
sort_4;4;28000;1.208357113995589;0.022256058990024;0.363198644947261;0.412757655023597;0.410033255000599
sort_4;4;28000;1.210224987939000;0.022126635070890;0.364375283941627;0.413586415001191;0.410009840037674
sort_4;4;28000;1.564216302009299;0.022756583988667;0.715679725049995;0.413835954968818;0.411815401981585
sort_4;4;28000;1.616294845007360;0.022870451910421;0.767266361974180;0.415946164983325;0.410081283072941
sort_4;4;28000;1.208186016068794;0.022138764965348;0.363371728919446;0.412748742033727;0.409816924016923
sort_4;4;28000;1.488182552973740;0.022910667001270;0.639642605092376;0.413860662025400;0.411640424979851
sort_4;4;28000;1.210231998004019;0.022126800031401;0.364229555008933;0.413340870989487;0.410407388932072
sort_4;4;28000;1.210735738975927;0.022190228104591;0.364889290998690;0.413510102080181;0.410013949032873
sort_4;4;28000;1.474846081924625;0.022808453999460;0.628001231001690;0.413378185010515;0.410539804026484
sort_4;4;28000;2.499924313044176;0.022765974979848;1.651669332990423;0.414429694064893;0.410918707959354
sort_4;4;28000;1.478813371970318;0.022612200002186;0.630617222050205;0.414079222013243;0.411379610071890
sort_4;4;28000;1.209930586046539;0.022132907994092;0.364928125054576;0.412796213058755;0.409962752019055
sort_4;4;28000;1.208768189069815;0.022125786985271;0.362646645051427;0.413558471016586;0.410327083081938
sort_4;4;28000;1.209521606098861;0.022114260005765;0.363637903938070;0.413586137001403;0.410074707004242
sort_4;4;28000;1.210367843043059;0.022130680037662;0.364906661910936;0.413203664938919;0.410008463892154
sort_4;4;28000;1.559052519965917;0.022117663989775;0.364556601038203;0.412460084073246;0.759800654021092
sort_4;4;28000;1.209759862977080;0.022145631024614;0.365000916994177;0.412474591983482;0.410027916077524
sort_4;4;28000;1.211740690050647;0.022165048983879;0.365648171980865;0.413856389932334;0.409959604032338
sort_4;4;28000;1.214316981961019;0.022166352020577;0.369409781997092;0.412318516988307;0.410310889012180
sort_4;4;28000;1.211222009966150;0.022147170966491;0.364783357013948;0.414230111986399;0.409952298039570
sort_4;10;70000;1.411222335998900;0.009000594029203;0.171513929963112;0.144292293000035;1.086168774985708
sort_4;10;70000;1.410750466049649;0.009002486942336;0.171022178023122;0.144090964924544;1.086395628051832
sort_4;10;70000;1.410543442005292;0.008942593936808;0.172231032978743;0.144254001905210;1.084850752959028
sort_4;10;70000;1.411355230025947;0.009012788068503;0.172501604072750;0.144603351945989;1.084967942093499
sort_4;10;70000;1.412422462017275;0.009087966987863;0.173835785011761;0.144381839083508;1.084878886933438
sort_4;10;70000;1.406468417029828;0.008972426992841;0.167984285973944;0.144199538044631;1.085050994064659
sort_4;10;70000;1.408893474028446;0.008986628032289;0.170127728022635;0.144165584002621;1.085359242977574
sort_4;10;70000;1.409537115017883;0.009033525013365;0.170530362986028;0.144579871906899;1.085130365914665
sort_4;10;70000;1.408788624918088;0.008997013093904;0.169356017024256;0.144878932973370;1.085312082082964
sort_4;10;70000;1.411627068999223;0.008943155058660;0.170731632038951;0.144868655945174;1.086848294013180
sort_4;10;70000;1.409927982953377;0.008960177074187;0.171129415975884;0.144533785991371;1.085061694961041
sort_4;10;70000;1.409378470969386;0.008992563001812;0.170291160000488;0.144314154051244;1.085513439029455
sort_4;10;70000;1.412306505953893;0.009008255088702;0.171922569046728;0.144178522052243;1.086949822027236
sort_4;10;70000;1.412511121015996;0.008955209981650;0.171714621013962;0.144890376017429;1.086707393056713
sort_4;10;70000;1.411003790912218;0.008972854935564;0.171962695079856;0.144936312106438;1.084882974973880
sort_4;10;70000;1.411242383066565;0.009048565058038;0.171184369013645;0.144648763933219;1.086126579088159
sort_4;10;70000;1.413346214918420;0.008967831032351;0.173830999061465;0.144168221973814;1.086158309946768
sort_4;10;70000;1.411375834955834;0.008957042940892;0.172335642040707;0.144383442006074;1.085468008997850
sort_4;10;70000;1.409658928983845;0.009018465061672;0.171995877986774;0.144084149971604;1.084306724020280
sort_4;10;70000;1.415168097941205;0.009000772959553;0.175570297986269;0.144097807933576;1.086259727017023
sort_4;11;77000;1.511131612001918;0.014193214941770;0.163462826982141;0.129433598020114;1.197492099017836
sort_4;11;77000;1.534261661930941;0.020217965007760;0.177562522003427;0.130047573940828;1.198250120971352
sort_4;11;77000;1.527184889069758;0.031713198986836;0.160067996010184;0.129081259947270;1.198127770097926
sort_4;11;77000;1.541784645989537;0.032311022048816;0.174320611986332;0.129550729063340;1.197402657009661
sort_4;11;77000;1.547209223033860;0.020182819105685;0.191712755011395;0.129375541000627;1.197776803048328
sort_4;11;77000;1.544244014075957;0.032893290044740;0.174151972983964;0.129132639034651;1.199829612975009
sort_4;11;77000;1.520543657010421;0.032373864087276;0.154935949016362;0.129533947911114;1.195489894016646
sort_4;11;77000;1.512577772955410;0.020186974084936;0.159429641906172;0.129248182987794;1.195582268992439
sort_4;11;77000;1.522586197010241;0.020178686012514;0.166870933026075;0.129644787986763;1.197684444952756
sort_4;11;77000;1.511367496103048;0.020189511007629;0.159561565960757;0.129450991982594;1.197874399949796
sort_4;11;77000;1.534098156029359;0.033120306907222;0.168124174000695;0.129029712988995;1.195603340049274
sort_4;11;77000;1.512594276922755;0.020197725971229;0.158581070951186;0.129114188952371;1.196534425020218
sort_4;11;77000;1.540722487960011;0.020196293946356;0.183862649020739;0.129417369025759;1.199078602949157
sort_4;11;77000;1.523128004977480;0.020200462080538;0.168991592945531;0.129727185005322;1.200073376996443
sort_4;11;77000;1.576287397998385;0.032991335960105;0.205357010941952;0.129167457926087;1.200592113891616
sort_4;11;77000;1.516828160034493;0.020232236012816;0.160195044940338;0.129585543065332;1.198680953006260
sort_4;11;77000;1.545645006932318;0.032475985935889;0.178822793997824;0.129410514957272;1.200498098041862
sort_4;11;77000;1.536332147894427;0.033086020033807;0.174040092038922;0.129537411965430;1.195465917931870
sort_4;11;77000;1.548419110942632;0.033136254991405;0.184197533992119;0.129149412969127;1.197794456034899
sort_4;11;77000;1.509401916991919;0.020216910983436;0.159687191015109;0.128828043933026;1.195793410995975
sort_4;3;21000;1.374203698011115;0.029595796950161;0.472084922017530;0.571160402963869;0.301275152014568
sort_4;3;21000;1.344064204953611;0.029459930956364;0.442372129997239;0.571118119987659;0.301023093983531
sort_4;3;21000;1.341313963988796;0.029567042947747;0.440832177991979;0.569807389052585;0.301023951033130
sort_4;3;21000;1.341930306982249;0.029493267997168;0.440342401037924;0.570980770979077;0.301023380947299
sort_4;3;21000;1.345356949022971;0.029495561961085;0.442151842056774;0.572515061008744;0.301081303972751
sort_4;3;21000;1.345942243933678;0.029519541072659;0.443935774965212;0.571453868993558;0.300945256953128
sort_4;3;21000;1.341776205925271;0.029545192024671;0.441587136010639;0.569607781013474;0.300940604996867
sort_4;3;21000;1.681573030073196;0.029551701969467;0.575138163985685;0.708501445013098;0.301124035031535
sort_4;3;21000;1.930146271944977;0.029530018917285;0.631450921064243;0.886749805998988;0.382328808074817
sort_4;3;21000;2.793930988060310;0.029517913935706;0.442840629024431;2.020540704950690;0.300929438089952
sort_4;3;21000;1.506839627050795;0.029560043010861;0.473962637945078;0.677708246978000;0.301091797999106
sort_4;3;21000;1.557324570021592;0.029539153911173;0.489343447959982;0.737380606005900;0.300966941053048
sort_4;3;21000;1.546453109011054;0.079940112889744;0.462818854022771;0.702576401061378;0.301029157009907
sort_4;3;21000;1.484243745915592;0.029509476036765;0.442124083056115;0.676994726993144;0.335527373012155
sort_4;3;21000;1.362853111000732;0.029559792019427;0.453025648021139;0.579206960042939;0.300963682937436
sort_4;3;21000;1.369334939052351;0.029518833965994;0.467754154931754;0.570784233976156;0.301181258982979
sort_4;3;21000;1.432344808941707;0.029459369019605;0.442916953936219;0.658781643025577;0.301104411017150
sort_4;3;21000;1.346449510077946;0.029533086926676;0.443255316000432;0.572400828008540;0.301171294995584
sort_4;3;21000;1.347443940001540;0.029458884033374;0.444058226072229;0.572673517977819;0.301156872999854
sort_4;3;21000;1.350195665960200;0.029480794910342;0.448645018041134;0.570745000964962;0.301228363998234
sort_4;8;56000;1.451822803937830;0.011601904989220;0.391272620065138;0.187784917070530;0.860946979024448
sort_4;8;56000;1.629695071023889;0.023552548023872;0.453024668968283;0.285042159026489;0.859960385947488
sort_4;8;56000;1.623880024999380;0.026000365964137;0.345671044080518;0.323573671979830;0.908354253042489
sort_4;8;56000;1.628266515093856;0.011053532944061;0.451400115969591;0.284711149055511;0.860006632050499
sort_4;8;56000;1.637257716036402;0.023067786940373;0.463868622900918;0.285007279948331;0.857205320033245
sort_4;8;56000;1.738170783035457;0.023508095997386;0.512941199936904;0.284223739989102;0.909387561958283
sort_4;8;56000;1.662949786987156;0.011078142910264;0.358148818952031;0.376903912052512;0.896045585977845
sort_4;8;56000;1.684802602976561;0.011099546914920;0.432394410949200;0.295670146937482;0.925168231013231
sort_4;8;56000;1.595502451062202;0.023498215014115;0.460861671017483;0.246581860003062;0.860428687999956
sort_4;8;56000;1.486741204978898;0.023968828958459;0.413893459015526;0.186925696092658;0.857877456001006
sort_4;8;56000;1.681684256065637;0.023232385981828;0.436562989023514;0.301383821992204;0.912369576981291
sort_4;8;56000;1.688613568083383;0.011057637981139;0.357290007057600;0.385652020922862;0.917549293953925
sort_4;8;56000;1.599900169996545;0.023852461948991;0.479634021990933;0.235273224068806;0.856995615060441
sort_4;8;56000;1.524476225022227;0.011084015946835;0.450760675012134;0.187460092012770;0.858260250999592
sort_4;8;56000;1.477360266027972;0.023256989079528;0.403725784039125;0.187018351047300;0.859270868008025
sort_4;8;56000;1.482410121941939;0.011627843021415;0.421400625025854;0.186752446927130;0.862398070981726
sort_4;8;56000;1.617302180035040;0.023695045034401;0.515623569954187;0.212446502060629;0.861352928914130
sort_4;8;56000;1.600877922028303;0.011058685020544;0.407917210017331;0.315022892085835;0.844922459102236
sort_4;8;56000;1.684869554010220;0.011075404006988;0.401123277959414;0.288362485007383;0.962344244006090
sort_4;8;56000;1.645304039935581;0.011066779959947;0.361245160922408;0.332128835027106;0.924332148046233
sort_4;12;84000;1.762889214092866;0.027471426990815;0.299471548991278;0.116721206926741;1.311105218948796
sort_4;12;84000;1.838205222040415;0.018901607021689;0.294782061013393;0.202352453023195;1.313533807056956
sort_4;12;84000;1.822938692057505;0.027792817098089;0.293943356024101;0.180363364983350;1.308488929993473
sort_4;12;84000;1.807456434005871;0.007411867962219;0.282130790059455;0.184699632111005;1.313234435976483
sort_4;12;84000;1.763468089047819;0.030202923924662;0.284106274018995;0.127816420979798;1.313189323991537
sort_4;12;84000;1.847377864061855;0.027816754998639;0.312889543012716;0.186595669016242;1.311925232992508
sort_4;12;84000;1.948488804977387;0.027853607083671;0.308687902987003;0.193382168072276;1.409809594042599
sort_4;12;84000;1.923071663943119;0.018880925956182;0.334432882023975;0.180325601948425;1.373295235913247
sort_4;12;84000;1.812152432044968;0.030192028963938;0.278600601013750;0.193628323031589;1.297566369990818
sort_4;12;84000;1.817514988011681;0.025245549972169;0.353931655990891;0.116495397989638;1.309681862010621
sort_4;12;84000;1.876671822974458;0.019889023969881;0.350093152956106;0.180655987001956;1.309617551043630
sort_4;12;84000;1.940608054981567;0.028774135978892;0.287966519943438;0.180734943016432;1.430811694008298
sort_4;12;84000;1.835141837014817;0.009618946001865;0.367930477019399;0.128057038993575;1.312250363058411
sort_4;12;84000;1.792772563989274;0.027801863965578;0.332356909988448;0.116410801070742;1.308064854936674
sort_4;12;84000;1.799266702961177;0.024828732945025;0.341977888019755;0.116374857956544;1.307949598995037
sort_4;12;84000;1.829419674002565;0.009655447909608;0.375431003049016;0.116257707006298;1.310784840025008
sort_4;12;84000;1.782340285019018;0.027817832073197;0.321794694988057;0.116524446988478;1.308067175094038
sort_4;12;84000;1.784090343979187;0.027834487031214;0.317162752966397;0.120523449033499;1.310431397054344
sort_4;12;84000;1.768579967087135;0.027631251956336;0.304484689026140;0.116245915996842;1.312079043942504
sort_4;12;84000;1.773298754007556;0.010865902993828;0.322192018036731;0.116168127977289;1.311738273012452
sort_4;15;105000;1.946181065053679;0.015981307020411;0.186301599023864;0.089134055073373;1.650568257085979
sort_4;15;105000;1.908106429968029;0.015939962002449;0.152596748084761;0.089155904948711;1.646169373067096
sort_4;15;105000;1.941810645977966;0.015943557024002;0.186353562981822;0.088960041059181;1.646300781052560
sort_4;15;105000;1.891847554012202;0.015959613956511;0.132098541012965;0.089253238053061;1.650347477989271
sort_4;15;105000;1.873904688982293;0.026189713971689;0.108013442019001;0.089283280074596;1.646180448005907
sort_4;15;105000;1.915993848931976;0.015882052946836;0.158070245059207;0.091086625005119;1.646807888988405
sort_4;15;105000;1.875754778971896;0.006086731911637;0.118537345086224;0.103711545001715;1.647040899959393
sort_4;15;105000;1.881564782001078;0.006095597986132;0.135070928023197;0.089315835037269;1.650679280050099
sort_4;15;105000;1.986561671947129;0.015976013964973;0.167395547032356;0.152750400011428;1.646192054962739
sort_4;15;105000;1.909008410992101;0.015917152981274;0.152801946038380;0.089277378050610;1.646820560912602
sort_4;15;105000;1.891404691035859;0.015895453048870;0.131475042086095;0.089376364951022;1.650487713981420
sort_4;15;105000;1.922636916046031;0.015926921973005;0.161067585926503;0.089640647987835;1.651841262006201
sort_4;15;105000;1.921625862014480;0.015941407997161;0.162419646047056;0.089207461103797;1.649815091048367
sort_4;15;105000;1.907039665966295;0.015930876950733;0.150942068896256;0.089185560937040;1.646737859002315
sort_4;15;105000;1.901080872048624;0.015924350009300;0.144256534054875;0.090284831007011;1.646412311936729
sort_4;15;105000;1.884234412922524;0.015907565015368;0.128415718907490;0.089547577081248;1.646188282989897
sort_4;15;105000;1.950466917012818;0.015963731915690;0.188509069965221;0.089185944991186;1.652594731072895
sort_4;15;105000;1.906994954915717;0.015941215096973;0.150766400969587;0.089275132981129;1.646826143958606
sort_4;15;105000;1.884920421056449;0.015941486926749;0.130078971968032;0.089210546924733;1.645440255990252
sort_4;15;105000;1.873323190957308;0.015902082086541;0.118117706035264;0.089275288977660;1.645829621935263
sort_4;14;98000;2.006358837010339;0.035933744977228;0.253299296018668;0.170057136914693;1.538831740966998
sort_4;14;98000;1.970806422061287;0.006342045031488;0.185051187989302;0.148650735965930;1.611999105080031
sort_4;14;98000;1.958374046953395;0.016729856026359;0.175290165003389;0.135770297027193;1.622235128073953
sort_4;14;98000;1.995100961066782;0.016818186966702;0.255546196014620;0.145313538028859;1.569238638971001
sort_4;14;98000;1.994623515987769;0.016786562046036;0.185411563026719;0.149076773086563;1.630997422034852
sort_4;14;98000;1.890874349977821;0.023314783931710;0.176272929995321;0.161727102007717;1.521212798077613
sort_4;14;98000;1.961433499003761;0.029537517926656;0.237850988982245;0.164148613926955;1.521703979000449
sort_4;14;98000;1.894800311070867;0.016793971997686;0.195848902105354;0.136091317981482;1.537849901011214
sort_4;14;98000;1.916177153005265;0.016803678940050;0.225312600028701;0.135064828908071;1.534790163976140
sort_4;14;98000;1.945542820030823;0.006382312974893;0.183354401960969;0.148424262995832;1.588628018973395
sort_4;14;98000;1.903061839984730;0.016777736018412;0.196114383987151;0.135925276088528;1.546024936949834
sort_4;14;98000;1.950787790003233;0.029471809044480;0.176795256091282;0.161204815027304;1.575117946951650
sort_4;14;98000;1.915564701077528;0.025698713026941;0.203600643086247;0.137871985905804;1.536174218985252
sort_4;14;98000;1.894736913032830;0.016740379971452;0.182386102969758;0.148239058908075;1.539173064986244
sort_4;14;98000;1.900416002026759;0.016784418025054;0.202318863943219;0.135836865054443;1.533248031977564
sort_4;14;98000;1.887497508083470;0.016757179051638;0.185060707037337;0.143744896980934;1.533711506985128
sort_4;14;98000;1.895117060979828;0.006369724986143;0.184094625990838;0.160111656994559;1.524440240929835
sort_4;14;98000;1.879871874931268;0.023039416992106;0.168982189963572;0.135540510062128;1.544059278094210
sort_4;14;98000;1.975410807994194;0.016774118063040;0.186988365952857;0.148600087035447;1.614831852028146
sort_4;14;98000;1.904543480952270;0.016778971999884;0.187526355031878;0.153290225076489;1.538694249000400
sort_4;13;91000;1.988619721028954;0.026482820976526;0.423851424944587;0.106838590931147;1.422969006001949
sort_4;13;91000;1.885190031025559;0.026720797060989;0.315354730002582;0.106967924046330;1.427645305986516
sort_4;13;91000;1.931988966069184;0.017850353033282;0.308660640963353;0.157184417010285;1.438748639076948
sort_4;13;91000;2.004358806996606;0.028000482940115;0.412611473933794;0.123116342001595;1.423334637074731
sort_4;13;91000;2.030641783028841;0.026060599950142;0.319620777037926;0.109023101045750;1.563814574969001
sort_4;13;91000;1.946416989085265;0.027300687041134;0.366169841028750;0.118357350002043;1.426379048964009
sort_4;13;91000;2.086240087985061;0.029323672992177;0.479360083001666;0.144050746923313;1.425352553022094
sort_4;13;91000;1.887664220994338;0.017740259994753;0.328290798002854;0.110041899955831;1.427323017036542
sort_4;13;91000;1.922787149902433;0.024983023991808;0.324404931976460;0.108342920080759;1.456782908993773
sort_4;13;91000;1.892644156003371;0.028850049944595;0.314514940953813;0.108900966937654;1.428107467014343
sort_4;13;91000;2.209810493048280;0.027697167010047;0.584554630913772;0.165737745002843;1.423571532010101
sort_4;13;91000;1.929137086961418;0.018151932046749;0.344669166952372;0.120679388986900;1.428676998009905
sort_4;13;91000;1.993513104971498;0.009087930899113;0.437039242009632;0.106369085027836;1.427462018094957
sort_4;13;91000;1.865600888966583;0.019534718012437;0.308292703935876;0.106370134977624;1.423233889974654
sort_4;13;91000;1.874102052999660;0.018233274924569;0.311482911929488;0.109875518013723;1.430306850001216
sort_4;13;91000;1.904639738029800;0.009163433918729;0.283418025937863;0.173029921948910;1.421691694995388
sort_4;13;91000;1.953336848993786;0.019095839932561;0.338101482018828;0.157368959975429;1.422980485949665
sort_4;13;91000;1.919606200070120;0.026697691064328;0.341090862057172;0.117429961916059;1.426179682952352
sort_4;13;91000;1.899041609023698;0.017763544921763;0.282116402057000;0.166565921972506;1.424367940984666
sort_4;13;91000;1.897711434052326;0.017749294987880;0.256405923981220;0.204450843040831;1.410876048961654
sort_4;16;112000;2.053579621016979;0.015205684001558;0.179944253992289;0.088625235017389;1.761520603089593
sort_4;16;112000;2.013043691054918;0.015215876046568;0.148302604095079;0.082634803955443;1.762620373046957
sort_4;16;112000;2.022841235972010;0.015219743014313;0.155970097985119;0.082598314038478;1.764802885008976
sort_4;16;112000;2.009056648006663;0.015198149019852;0.143556143972091;0.082572381012142;1.759617486968637
sort_4;16;112000;2.008575920015574;0.015245842980221;0.147231352981180;0.082664013956673;1.759184711962007
sort_4;16;112000;2.020312872016802;0.015158677008003;0.149330437066965;0.082853508996777;1.764763381099328
sort_4;16;112000;2.028740730020218;0.015240098000504;0.167451329063624;0.082655966980383;1.759186660987325
sort_4;16;112000;2.013381117954850;0.015174486907199;0.149187294999138;0.082724000909366;1.762047428986989
sort_4;16;112000;2.000621414044872;0.015244527952746;0.138601826969534;0.082781467004679;1.759728993056342
sort_4;16;112000;2.023390076938085;0.015203393995762;0.162213197909296;0.082831725943834;1.758911992073990
sort_4;16;112000;2.012634907965548;0.015192967024632;0.146887994022109;0.082962046028115;1.763283762033097
sort_4;16;112000;1.971275038900785;0.005721139023080;0.118810418993235;0.082826086087152;1.759471397032030
sort_4;16;112000;1.985534530947916;0.015272987075150;0.122773911920376;0.082608785945922;1.760625184979290
sort_4;16;112000;1.971991973929107;0.015227993950248;0.103594696964137;0.082866452983581;1.764870858984068
sort_4;16;112000;1.989034332102165;0.005717593012378;0.117304419982247;0.102700009010732;1.759115915978327
sort_4;16;112000;2.035493183997460;0.016226382926106;0.153057942050509;0.094543259940110;1.763379037962295
sort_4;16;112000;2.031713102944195;0.015262994100340;0.164691056008451;0.082648474024609;1.760796198970638
sort_4;16;112000;1.970972734969109;0.005722586996853;0.118262514006346;0.082928122952580;1.759899192955345
sort_4;16;112000;1.968899069004692;0.015218629967421;0.103491322021000;0.083022294915281;1.759048909996636
sort_4;16;112000;1.973177848965861;0.005681668058969;0.118212033994496;0.082941011060029;1.762226367951371
sort_4;2;14000;1.721753302030265;0.044116426026449;0.582793824956752;0.897775657009333;0.196999447070993
sort_4;2;14000;1.708336623036303;0.044064666028135;0.570298877079040;0.897050908068195;0.196846285951324
sort_4;2;14000;1.714203480980359;0.044034000020474;0.576772273983806;0.896471485961229;0.196854087058455
sort_4;2;14000;1.706901213037781;0.044095283024944;0.569479553960264;0.896417670999654;0.196833355003037
sort_4;2;14000;1.714915008982643;0.044162017991766;0.577464452013373;0.896228933939710;0.196995393955149
sort_4;2;14000;2.287138817016967;0.044015711988322;0.568126307101920;1.477902743034065;0.197018534061499
sort_4;2;14000;2.362856392981485;0.044128283974715;0.718434027978219;1.403269317932427;0.196953303995542
sort_4;2;14000;3.675796077004634;0.044179633026943;0.580181543016806;2.348374882014468;0.702991113997996
sort_4;2;14000;1.868813427980058;0.044114814954810;0.570883897948079;1.056861648918130;0.196882714051753
sort_4;2;14000;2.247854758054018;0.044043219997548;0.730745714972727;1.144639987964183;0.328356925980188
sort_4;2;14000;1.809378013946116;0.044090443989262;0.567532785935327;1.000903284992091;0.196785239037126
sort_4;2;14000;1.744714744971134;0.044150836998597;0.582150017959066;0.909083476057276;0.209259489900433
sort_4;2;14000;1.714420718955807;0.044041277025826;0.578102985979058;0.895246200030670;0.196950211073272
sort_4;2;14000;1.798608888988383;0.044073077966459;0.660462648025714;0.897125523071736;0.196879187948070
sort_4;2;14000;1.710433641099371;0.044061492080800;0.571448388043791;0.897833107039332;0.197021787054837
sort_4;2;14000;1.713915513013490;0.044142536004074;0.576754514011554;0.895160215091892;0.197777284076437
sort_4;2;14000;1.729478458059020;0.044291364029050;0.575787568930537;0.912345799035393;0.196986583992839
sort_4;2;14000;2.316448120982386;0.044297988060862;0.668419567984529;1.282240804983303;0.321417129016481
sort_4;2;14000;2.860907561029308;0.071460171951912;0.705016272957437;1.691259199054912;0.343820860958658
sort_4;2;14000;2.218405121937394;0.044120274018496;0.689585054060444;1.232478939928114;0.251804459956475
sort_4;1;7000;2.762892880011350;0.087630387046374;0.578922268003225;1.985950266011059;0.110384094994515
sort_4;1;7000;2.768503827042878;0.087819910026155;0.584542932920158;1.985554957995191;0.110579833039083
sort_4;1;7000;2.763727946905419;0.087817489984445;0.578724900959060;1.986552909016609;0.110621750005521
sort_4;1;7000;2.764710695017129;0.087705119047314;0.581338869989850;1.985264418995939;0.110389805980958
sort_4;1;7000;2.773518951027654;0.087825149996206;0.591010497999378;1.984243276994675;0.110428962972946
sort_4;1;7000;2.766092064091936;0.087877828977071;0.583307755063288;1.984302254044451;0.110597908031195
sort_4;1;7000;2.783272167900577;0.087736935936846;0.597264064010233;1.987765097990632;0.110495190019719
sort_4;1;7000;2.767506239935756;0.087695906055160;0.587076451978646;1.982288278988563;0.110440253978595
sort_4;1;7000;2.782510899938643;0.087772091967054;0.600217330968007;1.984004957950674;0.110506016993895
sort_4;1;7000;2.783520761062391;0.087956393021159;0.596559514990076;1.988178979023360;0.110820194939151
sort_4;1;7000;2.767012679949403;0.087970754015259;0.581961818970740;1.986407298943959;0.110667331959121
sort_4;1;7000;2.763520466978662;0.087778325076215;0.583709608064964;1.981625157990493;0.110395077965222
sort_4;1;7000;2.777130794012919;0.087923220940866;0.596874207025394;1.981795381987467;0.110532375983894
sort_4;1;7000;2.770404960028827;0.087767192046158;0.589120230986737;1.982880927971564;0.110624341992661
sort_4;1;7000;2.770544994971715;0.087827504961751;0.590969515033066;1.981173977954313;0.110562606016174
sort_4;1;7000;2.782880355021916;0.087941396050155;0.602427741978317;1.981835882994346;0.110662378021516
sort_4;1;7000;2.773034241981804;0.087946980027482;0.591103243990801;1.983339912025258;0.110633566044271
sort_4;1;7000;2.762288440018892;0.087807151954621;0.579691412975080;1.984392573940568;0.110383838997222
sort_4;1;7000;2.783515322953463;0.087983799050562;0.599907753989100;1.985072172945365;0.110539657995105
sort_4;1;7000;2.774743909016252;0.088095586048439;0.594503308064304;1.981395872076973;0.110736566944979
