sort_1;15;105000;0.459566670004278;0.007173644844443;0.111005906946957;0.044003141112626;0.006581424968317
sort_1;15;105000;0.469376389170066;0.007592580979690;0.111909352010116;0.044219167903066;0.007158294087276
sort_1;15;105000;0.464481583097950;0.007433980004862;0.112374419113621;0.044091112911701;0.007161823101342
sort_1;15;105000;0.471725807059556;0.007237570127472;0.112707796040922;0.044242398114875;0.006756754824892
sort_1;15;105000;0.462513257982209;0.007535628043115;0.111099621048197;0.044248796999454;0.007432378130034
sort_1;15;105000;0.469186544883996;0.007450499106199;0.111779883969575;0.044058684958145;0.007470998913050
sort_1;15;105000;0.463430278003216;0.007270422996953;0.111749708885327;0.044177552917972;0.007246586959809
sort_1;15;105000;0.469594705849886;0.007405768847093;0.112121750134975;0.044000849826261;0.007146455114707
sort_1;15;105000;0.462791272904724;0.007310074055567;0.112053297925740;0.044282026123255;0.006847833981737
sort_1;15;105000;0.470910968957469;0.007208710070699;0.114551946055144;0.044472286012024;0.006767255021259
sort_1;15;105000;0.472859209869057;0.007451700046659;0.112121144076809;0.044335322920233;0.007366243051365
sort_1;15;105000;0.472262298921123;0.007404322037473;0.107676747022197;0.044055440928787;0.007534737931564
sort_1;15;105000;0.467505347914994;0.007545872125775;0.112718247110024;0.044046820141375;0.007384393131360
sort_1;15;105000;0.469736310886219;0.007461211876944;0.106466710101813;0.044231276959181;0.007463765097782
sort_1;15;105000;0.468647781992331;0.007563740946352;0.113395570078865;0.044098757207394;0.007383878808469
sort_1;15;105000;0.467671327991411;0.007573043927550;0.113223967142403;0.044329970842227;0.007424900075421
sort_1;15;105000;0.466477948939428;0.007540823891759;0.112287814030424;0.044399410020560;0.007364121964201
sort_1;15;105000;0.468930814880878;0.007293953094631;0.111849717795849;0.044256511842832;0.007239297963679
sort_1;15;105000;0.468085231026635;0.007462419802323;0.106117147020996;0.044181731063873;0.007440593093634
sort_1;15;105000;0.472099485108629;0.007238000864163;0.112296378938481;0.043947167927399;0.007216908968985
sort_1;10;70000;0.496992924949154;0.022854073904455;0.130360240000300;0.089642703998834;0.004744891077280
sort_1;10;70000;0.504606883972883;0.022220931015909;0.127631517010741;0.089627192006446;0.003383651026525
sort_1;10;70000;0.493001785944216;0.022450012038462;0.128846122999676;0.089698486030102;0.004801510018297
sort_1;10;70000;0.502736311056651;0.022330472944304;0.127821350004524;0.089292122982442;0.003445773967542
sort_1;10;70000;0.471832671901211;0.010545775992796;0.128831626963802;0.089300830964930;0.004891110002063
sort_1;10;70000;0.507851528003812;0.021876640967093;0.127681389916688;0.089562252978794;0.003424050053582
sort_1;10;70000;0.494391181971878;0.023320960928686;0.129302069079131;0.089315551100299;0.004754111054353
sort_1;10;70000;0.506957488949411;0.021870783064514;0.127786049037240;0.089761195005849;0.003446095972322
sort_1;10;70000;0.472402701969258;0.010601667920128;0.129616738995537;0.089869310962968;0.005091722006910
sort_1;10;70000;0.514399540959857;0.022011045017280;0.127216896042228;0.089716960908845;0.003357827896252
sort_1;10;70000;0.484565892023966;0.020788783906028;0.130299787968397;0.089629962923937;0.004889799980447
sort_1;10;70000;0.510548021993600;0.023335522972047;0.128744747024029;0.089638464967720;0.003402831964195
sort_1;10;70000;0.487322830944322;0.022522588958964;0.128948778030463;0.089550269069150;0.004869312047958
sort_1;10;70000;0.489270091056824;0.010249888990074;0.127123713959008;0.089412986068055;0.003391013946384
sort_1;10;70000;0.489118013996631;0.022459020023234;0.130624677985907;0.089777132030576;0.004688549088314
sort_1;10;70000;0.487287868047133;0.010296936030500;0.127410436049104;0.089336275006644;0.003388928947970
sort_1;10;70000;0.489046017057262;0.022271397989243;0.130809231079184;0.089546900941059;0.004818179993890
sort_1;10;70000;0.486296833958477;0.010571619961411;0.128199444035999;0.089492241037078;0.003399308072403
sort_1;10;70000;0.487301224959083;0.022323361015879;0.129489126033150;0.089481857954524;0.004753799992613
sort_1;10;70000;0.491628306917846;0.010386078967713;0.128439452033490;0.090212233015336;0.005208441056311
sort_1;14;98000;0.541144252056256;0.019009269075468;0.113814363954589;0.049595640972257;0.007905106060207
sort_1;14;98000;0.516723787179217;0.018356804037467;0.112649077083915;0.049986392026767;0.007232572883368
sort_1;14;98000;0.504080824088305;0.018498307093978;0.115675104083493;0.049946518149227;0.005006610881537
sort_1;14;98000;0.500482465839013;0.018505044048652;0.114736288087443;0.049851204967126;0.007485901005566
sort_1;14;98000;0.512327166972682;0.016522189136595;0.113427659962326;0.049738641828299;0.003231931012124
sort_1;14;98000;0.517762002069503;0.016291784122586;0.122072212863714;0.049999207956716;0.007793131051585
sort_1;14;98000;0.543963965959847;0.018267027800903;0.114056007936597;0.050083158072084;0.007581910118461
sort_1;14;98000;0.506357501959428;0.018316741101444;0.113753350917250;0.049664712976664;0.004971440881491
sort_1;14;98000;0.498779102927074;0.018044865923002;0.125257093925029;0.049676831113175;0.004841312067583
sort_1;14;98000;0.494039924116805;0.018129042815417;0.113986088894308;0.049484427087009;0.005569868953899
sort_1;14;98000;0.516048204852268;0.018368808086962;0.113613473018631;0.050145606044680;0.007620431017131
sort_1;14;98000;0.538935677846894;0.018741731066257;0.112456397153437;0.049531607888639;0.006826306926087
sort_1;14;98000;0.508250255836174;0.018137775827199;0.114739708835259;0.050397493876517;0.007781908148900
sort_1;14;98000;0.506366956979036;0.017186454962939;0.116390267154202;0.050284572876990;0.007176019949839
sort_1;14;98000;0.516516625881195;0.018258152995259;0.114328105002642;0.050136070931330;0.007295265095308
sort_1;14;98000;0.512197196017951;0.019319629995152;0.111884691985324;0.049908098066226;0.007366937119514
sort_1;14;98000;0.534521035850048;0.017442643875256;0.113518548896536;0.049541740911081;0.007521433057263
sort_1;14;98000;0.529181802179664;0.018270023167133;0.113122247857973;0.049835658865049;0.003144028130919
sort_1;14;98000;0.505767313996330;0.018446027068421;0.129471315070987;0.050489052897319;0.006717398064211
sort_1;14;98000;0.519985161023214;0.018595562083647;0.124357799999416;0.049906719010323;0.005704854847863
sort_1;8;56000;0.516241286997683;0.013251798925921;0.144480547984131;0.126501846010797;0.003693928010762
sort_1;8;56000;0.516323145013303;0.012959655025043;0.145283046993427;0.126416867016815;0.004735270980746
sort_1;8;56000;0.507109416066669;0.013163667987101;0.143335256958380;0.126263551064767;0.004989253007807
sort_1;8;56000;0.506598467007279;0.013037013937719;0.141313101979904;0.125918379984796;0.004061543964781
sort_1;8;56000;0.506059974082746;0.013028575922363;0.143146781018004;0.125888820970431;0.004599894979037
sort_1;8;56000;0.504600159008987;0.013084047939628;0.145572219975293;0.127030265983194;0.004630882991478
sort_1;8;56000;0.506326263071969;0.012822268996388;0.144954774063081;0.126171979005449;0.004875413957052
sort_1;8;56000;0.528322531958111;0.013167742989026;0.148205033969134;0.126425925991498;0.006155585986562
sort_1;8;56000;0.536626999964938;0.013160206959583;0.149667138932273;0.126054776017554;0.006946089910343
sort_1;8;56000;0.525094200973399;0.012949969968759;0.146028352086432;0.126283843070269;0.005376558983698
sort_1;8;56000;0.528563227970153;0.013069824897684;0.146112839109264;0.126901771058328;0.004122516023926
sort_1;8;56000;0.514138082973659;0.012774360016920;0.144578199018724;0.126475278986618;0.004746846971102
sort_1;8;56000;0.507258318015374;0.013173971907236;0.144886448048055;0.126430146978237;0.004641068051569
sort_1;8;56000;0.511903482954949;0.012813219917007;0.143734797951765;0.126139728003182;0.004669536021538
sort_1;8;56000;0.529113796073943;0.012795071001165;0.147789948969148;0.125772612052970;0.006103186053224
sort_1;8;56000;0.508770168991759;0.013138775946572;0.146894796984270;0.127048642025329;0.004694559029303
sort_1;8;56000;0.516767978086136;0.012888837954961;0.145028779981658;0.124104476068169;0.004643871914595
sort_1;8;56000;0.522602202021517;0.013129806960933;0.146452364977449;0.126559213967994;0.005427647032775
sort_1;8;56000;0.525118201039732;0.013405937002972;0.148465728037991;0.124727620044723;0.006196256959811
sort_1;8;56000;0.521391271031462;0.013039650046267;0.143910151091404;0.125915548065677;0.004751367028803
sort_1;9;63000;0.544662181986496;0.011789415031672;0.143099961918779;0.105357786058448;0.003643963951617
sort_1;9;63000;0.595622220076621;0.011626493069343;0.135445794905536;0.105378764914349;0.005539293983020
sort_1;9;63000;0.580790356034413;0.017751127015799;0.135120382998139;0.105155789991841;0.005041415919550
sort_1;9;63000;0.593201674055308;0.024065106990747;0.142890693969093;0.105076284962706;0.004401052952744
sort_1;9;63000;0.591155074071139;0.023525416036136;0.164289547945373;0.105260024894960;0.005373290972784
sort_1;9;63000;0.564611081033945;0.023449689964764;0.137353223981336;0.105263330973685;0.004781992989592
sort_1;9;63000;0.563354748999700;0.023860296001658;0.151991488062777;0.105767489993013;0.005254450952634
sort_1;9;63000;0.606306845904328;0.011670910986140;0.135556634049863;0.104941396974027;0.005708263954148
sort_1;9;63000;0.552554953028448;0.011678133974783;0.134559488040395;0.105795760988258;0.007180735003203
sort_1;9;63000;0.600628189044073;0.011659106006846;0.133928499999456;0.103746463079005;0.004098735982552
sort_1;9;63000;0.606357216020115;0.011678951093927;0.142932686023414;0.105643130955286;0.005490191979334
sort_1;9;63000;0.589653882081620;0.023524623946287;0.139917719061486;0.105398345971480;0.004526290926151
sort_1;9;63000;0.634835507022217;0.022944930940866;0.142594191012904;0.106079745921306;0.005700347013772
sort_1;9;63000;0.599908001022413;0.011628338950686;0.136316318064928;0.105518343974836;0.005647156969644
sort_1;9;63000;0.591116384952329;0.024376720073633;0.151211105985567;0.106609616079368;0.005047576036304
sort_1;9;63000;0.549302240018733;0.011776052066125;0.133357760962099;0.105772829032503;0.004713490023278
sort_1;9;63000;0.591294937999919;0.011714125983417;0.134871462010778;0.105640684952959;0.004816141910851
sort_1;9;63000;0.599003199953586;0.011725327000022;0.135988315916620;0.102780577959493;0.006155545008369
sort_1;9;63000;0.589332862058654;0.011730362079106;0.143546917941421;0.105846166959964;0.005494688986801
sort_1;9;63000;0.605775550007820;0.023847225005738;0.147102579008788;0.105962267960422;0.008529962971807
sort_1;13;91000;0.461578011047095;0.008451069006696;0.116340672131628;0.056973844999447;0.005183601984754
sort_1;13;91000;0.845521026989445;0.024439773056656;0.456726753152907;0.057056386023760;0.006242396077141
sort_1;13;91000;0.494256969075650;0.008164423983544;0.114819298032671;0.056748860049993;0.005870592081919
sort_1;13;91000;0.456728552933782;0.008029253920540;0.115576154086739;0.057326355949044;0.005496533820406
sort_1;13;91000;0.454722105059773;0.007999595953152;0.115285502048209;0.056826318847016;0.005552554037422
sort_1;13;91000;0.458777966909111;0.008204668993130;0.115409997059032;0.057071478804573;0.005486581008881
sort_1;13;91000;0.472775655798614;0.008292387938127;0.114669226109982;0.056796479038894;0.005543050123379
sort_1;13;91000;0.464759019901976;0.008027118165046;0.115340319927782;0.056899369927123;0.004908821079880
sort_1;13;91000;0.518270338885486;0.007916769012809;0.119581917067990;0.113803731044754;0.004939835984260
sort_1;13;91000;0.462792397011071;0.011366653023288;0.115742343012244;0.056789838941768;0.005556894000620
sort_1;13;91000;0.560781984124333;0.008597015170380;0.122226177947596;0.056739403866231;0.005590433953330
sort_1;13;91000;1.043085332028568;0.009175274986774;0.381844229996204;0.167365093948320;0.005581713048741
sort_1;13;91000;0.457586664939299;0.008117222925648;0.114751130109653;0.057004594011232;0.005524460226297
sort_1;13;91000;0.460617884993553;0.008349430980161;0.115622191922739;0.056706318166107;0.005568169988692
sort_1;13;91000;0.453096112934873;0.007976734079421;0.114294173894450;0.056958653964102;0.005131778074428
sort_1;13;91000;0.456439872039482;0.008392667863518;0.115367795806378;0.056792894145474;0.005530092865229
sort_1;13;91000;0.484251903835684;0.019410619046539;0.115759487962350;0.056698538130149;0.005723819136620
sort_1;13;91000;0.459203066071495;0.007990217069164;0.109843381214887;0.056871453998610;0.005413199076429
sort_1;13;91000;0.481890557799488;0.019739490002394;0.114426791900769;0.056949682999402;0.005559480050579
sort_1;13;91000;0.454154936131090;0.008022628957406;0.115385808981955;0.056643160991371;0.005279578967020
sort_1;6;42000;0.593147180974483;0.017229338875040;0.166953635169193;0.189245356013998;0.004905978916213
sort_1;6;42000;0.596713769948110;0.016934950836003;0.165602818131447;0.188987832050771;0.004853219958022
sort_1;6;42000;0.598402338102460;0.017226106952876;0.165662562008947;0.189364410005510;0.004882247885689
sort_1;6;42000;0.595302093075588;0.017048771958798;0.165532976156101;0.189328972017393;0.004909659968689
sort_1;6;42000;0.593492090934888;0.016996112884954;0.165438985917717;0.190013088984415;0.004839680856094
sort_1;6;42000;0.595800050999969;0.017152145970613;0.165535088861361;0.189646310871467;0.004853612976149
sort_1;6;42000;0.592543124919757;0.017195078078657;0.167831585044041;0.189852198120207;0.004969321889803
sort_1;6;42000;0.593486047117040;0.017418341012672;0.167233765125275;0.189953773049638;0.004997970070690
sort_1;6;42000;0.591923925094306;0.017352740978822;0.166257129982114;0.189811161020771;0.005016954848543
sort_1;6;42000;0.592818667180836;0.017243275884539;0.166225768858567;0.190380861051381;0.004862759960815
sort_1;6;42000;0.590650493977591;0.017180934082717;0.166949295904487;0.189711827086285;0.004941898863763
sort_1;6;42000;0.591162649914622;0.017218134133145;0.166765276808292;0.189636257942766;0.004897312959656
sort_1;6;42000;0.594188641058281;0.017295483965427;0.167797295143828;0.189639263087884;0.005047718062997
sort_1;6;42000;0.593494659988210;0.017055080970749;0.167149674845859;0.189826629124582;0.005050603067502
sort_1;6;42000;0.590738701866940;0.017373343929648;0.167078579077497;0.189325860003009;0.004914161050692
sort_1;6;42000;0.588824634905905;0.017133281100541;0.167087431997061;0.189524780958891;0.005027769831941
sort_1;6;42000;0.591156628914177;0.017154992790893;0.167502246098593;0.189746679970995;0.004841981921345
sort_1;6;42000;0.591161307180300;0.017200879985467;0.167435887036845;0.189662499120459;0.004903250141069
sort_1;6;42000;0.587545839138329;0.017161982133985;0.166924281977117;0.188686772948131;0.004935003817081
sort_1;6;42000;0.592485253931955;0.017106536077335;0.167123371036723;0.189900963101536;0.004900587955490
sort_1;11;77000;0.615548084024340;0.034033622010611;0.151993246981874;0.075704824994318;0.004283264977857
sort_1;11;77000;0.663240413996391;0.025859309942462;0.152473778929561;0.075380231020972;0.004923866945319
sort_1;11;77000;0.667553976993077;0.021352685987949;0.141738787060603;0.075829462963156;0.004616077058017
sort_1;11;77000;0.644105184008367;0.025933368015103;0.159728316008113;0.075015519978479;0.004200406023301
sort_1;11;77000;0.625345389940776;0.026158803026192;0.152046079980209;0.075450217002071;0.004355567973107
sort_1;11;77000;0.626641007023863;0.026628438965417;0.183391227968968;0.074895952013321;0.002790365950204
sort_1;11;77000;0.606307134963572;0.028403572039679;0.136690945015289;0.075233933981508;0.005084948032163
sort_1;11;77000;0.602830938994884;0.025982255931012;0.143698652042076;0.075198446982540;0.005230773938820
sort_1;11;77000;0.620238346047699;0.025299623957835;0.160506319021806;0.075367029989138;0.004771115956828
sort_1;11;77000;0.609504570020363;0.025934242061339;0.144531556987204;0.076059778104536;0.004850252065808
sort_1;11;77000;0.615499029983766;0.025069613009691;0.164228084962815;0.075676108011976;0.005306117935106
sort_1;11;77000;0.583681057905778;0.025926318019629;0.159887028974481;0.075044390046969;0.004728198982775
sort_1;11;77000;0.628467464004643;0.022537886979990;0.144034044002183;0.075173206045292;0.004622420994565
sort_1;11;77000;0.612332987948321;0.022226330009289;0.153945291065611;0.075607909937389;0.005022942088544
sort_1;11;77000;0.594872417044826;0.026369496947154;0.183750903001055;0.074723268975504;0.004707067040727
sort_1;11;77000;0.561804796103388;0.028900896082632;0.126586682046764;0.074990894994698;0.005666141980328
sort_1;11;77000;0.614778188988566;0.025956323021092;0.161758588976227;0.075416153995320;0.004386450978927
sort_1;11;77000;0.571824820945039;0.018665243056603;0.206229429924861;0.075042924960144;0.002816293039359
sort_1;11;77000;0.606798900989816;0.025973511976190;0.154772315989248;0.075248154927976;0.004667751956731
sort_1;11;77000;0.616526930010878;0.016732243937440;0.152476557996124;0.075727935996838;0.004936879035085
sort_1;7;49000;0.627429692074656;0.027784984791651;0.151645158883184;0.153420716058463;0.004799854941666
sort_1;7;49000;0.656356541905552;0.044527559075505;0.155011306982487;0.154034005943686;0.005385761847720
sort_1;7;49000;0.633121849969029;0.017210964811966;0.150999660138041;0.154478047974408;0.005164859117940
sort_1;7;49000;0.598833637079224;0.016359497094527;0.151856843149289;0.153201300883666;0.005866745952517
sort_1;7;49000;0.546279909089208;0.014767542015761;0.155919649871066;0.155260463012382;0.005156492115930
sort_1;7;49000;0.559831761056557;0.014818486990407;0.160389056894928;0.153641921002418;0.004094151081517
sort_1;7;49000;0.611735175829381;0.016182342078537;0.151588338892907;0.153515379875898;0.005886464845389
sort_1;7;49000;0.675407859962434;0.041856465861201;0.157234268030152;0.152980446815491;0.004991265013814
sort_1;7;49000;0.641995413927361;0.029084735084325;0.151837611105293;0.152636911952868;0.004896924132481
sort_1;7;49000;0.595938039943576;0.017085810191929;0.151753795100376;0.152514179004356;0.005507230991498
sort_1;7;49000;0.601338831009343;0.016361708054319;0.152911800891161;0.153760668123141;0.006507754093036
sort_1;7;49000;0.557639178819954;0.014784818049520;0.155513647012413;0.155724696116522;0.005979309091344
sort_1;7;49000;0.553044439991936;0.014837814029306;0.154667234979570;0.154601301997900;0.005184307228774
sort_1;7;49000;0.552377999061719;0.014866534853354;0.156072674086317;0.153597804950550;0.006012450903654
sort_1;7;49000;0.551941647892818;0.014726536115631;0.153569123009220;0.152869269950315;0.005246292799711
sort_1;7;49000;0.553874299162999;0.015124672092497;0.158030526014045;0.152438591001555;0.006726136896759
sort_1;7;49000;0.559321631910279;0.014932942111045;0.152581830043346;0.153881651815027;0.005141644971445
sort_1;7;49000;0.547965831821784;0.014843365876004;0.153837079880759;0.152920976048335;0.005060645984486
sort_1;7;49000;0.545853679068387;0.014850114006549;0.155925781000406;0.153251423966140;0.005950405029580
sort_1;7;49000;0.600465927040204;0.017152410931885;0.151976027060300;0.153875461081043;0.005660684080794
sort_1;5;35000;0.665676419856027;0.020925312070176;0.184587941039354;0.245016361121088;0.005368928890675
sort_1;5;35000;0.658200295176357;0.020673898048699;0.180754705099389;0.243801052914932;0.006738991942257
sort_1;5;35000;0.659946718951687;0.020678411936387;0.179868512088433;0.244125611148775;0.006816257024184
sort_1;5;35000;0.666948127094656;0.020738916937262;0.182888457085937;0.245606014039367;0.005264112958685
sort_1;5;35000;0.649721588008106;0.020611091982573;0.177550235996023;0.244715953012928;0.005825738888234
sort_1;5;35000;0.656494596041739;0.020468553062528;0.178416926879436;0.242061507888138;0.005973374005407
sort_1;5;35000;0.659821256995201;0.020424544811249;0.180154619039968;0.244127368088812;0.005874219117686
sort_1;5;35000;0.660382889909670;0.020467366091907;0.179817302152514;0.243885932955891;0.005957483081147
sort_1;5;35000;0.655198175925761;0.020368210971355;0.178366157924756;0.243309671059251;0.005121078807861
sort_1;5;35000;0.657439861912280;0.020441419910640;0.178728983039036;0.244191061938182;0.005956525914371
sort_1;5;35000;0.653957853093743;0.020748633891344;0.180515147978440;0.243463736027479;0.006779375951737
sort_1;5;35000;0.658375529106706;0.020529579138383;0.180974169867113;0.243755274917930;0.006858026143163
sort_1;5;35000;0.658189634094015;0.020630223909393;0.179415381979197;0.244065948063508;0.006794790038839
sort_1;5;35000;0.659337552031502;0.020903712837026;0.180281606968492;0.243412236915901;0.006797738140449
sort_1;5;35000;0.656000952934846;0.020759200910106;0.179768247064203;0.243594840168953;0.006736533949152
sort_1;5;35000;0.657321271952242;0.020827073836699;0.177960108034313;0.242794192163274;0.005175135098398
sort_1;5;35000;0.649096122011542;0.020460701081902;0.179767829133198;0.243262562900782;0.005886613158509
sort_1;5;35000;0.656798072159290;0.020727324066684;0.179772415198386;0.243989352835342;0.006778042064980
sort_1;5;35000;0.655290076974779;0.020527365151793;0.180656231008470;0.242726782104000;0.006758106872439
sort_1;5;35000;0.783150682225823;0.020539263961837;0.180682715028524;0.242572370916605;0.006798871094361
sort_1;12;84000;0.549763859948143;0.008989284979180;0.129250474041328;0.066266512032598;0.008139874087647
sort_1;12;84000;1.450125251896679;0.026074188994244;0.752266495022923;0.079064073041081;0.003642738098279
sort_1;12;84000;0.605610426049680;0.020582783967257;0.125417368952185;0.065801583928987;0.006537133129314
sort_1;12;84000;0.586486461805180;0.009195170830935;0.128711209865287;0.066207443131134;0.007767863105983
sort_1;12;84000;0.620494542876258;0.008907892974094;0.124073260929435;0.065656701801345;0.006969903130084
sort_1;12;84000;0.620356125058606;0.029559492832050;0.125242718029767;0.066272456897423;0.005623077973723
sort_1;12;84000;0.569877841975540;0.009002130944282;0.124994079116732;0.066182690905407;0.008122629020363
sort_1;12;84000;0.716871293960139;0.021204649936408;0.126870715990663;0.066317104967311;0.007707787910476
sort_1;12;84000;0.603917700937018;0.008930007927120;0.124553657835349;0.065955142956227;0.004292736994103
sort_1;12;84000;1.358199233887717;0.069500847952440;0.394280654843897;0.176041316008195;0.007378756068647
sort_1;12;84000;0.561318321153522;0.009082360193133;0.139309871941805;0.066489889053628;0.003882001852617
sort_1;12;84000;0.588795063085854;0.009014312876388;0.124909613979980;0.066340747987852;0.007039136020467
sort_1;12;84000;0.594942260067910;0.009017592063174;0.124830238986760;0.066135316155851;0.004225916927680
sort_1;12;84000;0.596530650975183;0.021945230895653;0.120890227844939;0.066674249013886;0.005101271905005
sort_1;12;84000;0.610130854882300;0.015975646907464;0.123882661806419;0.066055383998901;0.006613034056500
sort_1;12;84000;0.591455420944840;0.012173808878288;0.134589347988367;0.065888884011656;0.005186558002606
sort_1;12;84000;0.598670223960653;0.021121350815520;0.120367052964866;0.065813632914796;0.006509846076369
sort_1;12;84000;0.836559055140242;0.029370295815170;0.353112802840769;0.066291285911575;0.007938153110445
sort_1;12;84000;0.594526113942266;0.027146901004016;0.117970527149737;0.066070169908926;0.006455866852775
sort_1;12;84000;1.065125512890518;0.026055789086968;0.579611937981099;0.078668131027371;0.002928711008281
sort_1;4;28000;0.783570999046788;0.025941843865439;0.207355625927448;0.328321986133233;0.007191627984866
sort_1;4;28000;0.771015664096922;0.025576818035915;0.204297734890133;0.329337049974129;0.007187409093603
sort_1;4;28000;0.777443639002740;0.025560213020071;0.205348466057330;0.330500677926466;0.007188760908321
sort_1;4;28000;0.784306333865970;0.025717116892338;0.208188618067652;0.330202497076243;0.007421789923683
sort_1;4;28000;0.869199634995311;0.025627626106143;0.204937038943172;0.329661505995318;0.007919273106381
sort_1;4;28000;0.786486785160378;0.025751764187589;0.202541853068396;0.327744219917804;0.008538749068975
sort_1;4;28000;0.868523503886536;0.025892321020365;0.202627853024751;0.327757195103914;0.006645622896031
sort_1;4;28000;0.785477641038597;0.025467820931226;0.203262444119900;0.327980420086533;0.007370986975729
sort_1;4;28000;0.782987567130476;0.025740055833012;0.201605082955211;0.326758045004681;0.007103572832420
sort_1;4;28000;0.778014339972287;0.025540452916175;0.201651579933241;0.327964043943211;0.007103089010343
sort_1;4;28000;0.781416082987562;0.025651897070929;0.200761802028865;0.328347967937589;0.007075721165165
sort_1;4;28000;0.781089207157493;0.025556547101587;0.206137524917722;0.330576932989061;0.007256543030962
sort_1;4;28000;0.777465417049825;0.025594574166462;0.201624654931948;0.326214920962229;0.007502733962610
sort_1;4;28000;0.868407191010192;0.025946966838092;0.204990976024419;0.328973995056003;0.007153758080676
sort_1;4;28000;0.778526925947517;0.025400832062587;0.202060338109732;0.328132431022823;0.007032366003841
sort_1;4;28000;0.774352052016184;0.025492913089693;0.203802705043927;0.327731937868521;0.007202232955024
sort_1;4;28000;0.779797887895256;0.025689222151414;0.202284705126658;0.328742118086666;0.007186749950051
sort_1;4;28000;0.775721307145432;0.025669876020402;0.203193483874202;0.327746459050104;0.007102519972250
sort_1;4;28000;0.777482050936669;0.025627029128373;0.202932436950505;0.326687155989930;0.007148645119742
sort_1;4;28000;0.774543810868636;0.025501149939373;0.202126737916842;0.328476879047230;0.007166975177824
sort_1;3;21000;0.940223396988586;0.034513189923018;0.251658262917772;0.502205495024100;0.006680683000013
sort_1;3;21000;1.042678634170443;0.034160180017352;0.302374768070877;0.558593047084287;0.008053109981120
sort_1;3;21000;0.927771115908399;0.033724618144333;0.260878731030971;0.486335480120033;0.007226235000417
sort_1;3;21000;0.951532253064215;0.033800648991019;0.252978760050610;0.521416875999421;0.007686516037211
sort_1;3;21000;0.918868472101167;0.033915018895641;0.251241536112502;0.482642253860831;0.008107153000310
sort_1;3;21000;1.019199231872335;0.034289173781872;0.252971854992211;0.539727652911097;0.009164191083983
sort_1;3;21000;1.015029927948490;0.061336172977462;0.304411828983575;0.503606536891311;0.007430759025738
sort_1;3;21000;1.002498585032299;0.033970474964008;0.295184649992734;0.524829758098349;0.007302133133635
sort_1;3;21000;0.917126697022468;0.034231686964631;0.253327490063384;0.483139394083992;0.007232005940750
sort_1;3;21000;0.917043925961480;0.033780256984755;0.252024669898674;0.482521394034848;0.008096060017124
sort_1;3;21000;1.035316444002092;0.034088784130290;0.251205452019349;0.594339068979025;0.008054506033659
sort_1;3;21000;1.079687431920320;0.033961116103455;0.317854464054108;0.500695799011737;0.008068267954513
sort_1;3;21000;1.043177637038752;0.034230432938784;0.311450702138245;0.532198539935052;0.007982078008354
sort_1;3;21000;1.062682993011549;0.033923999872059;0.317036892054603;0.535175644094124;0.008202661992982
sort_1;3;21000;1.020919798174873;0.033960432047024;0.270777452969924;0.553967193001881;0.008370056049898
sort_1;3;21000;1.026603759033605;0.046179384924471;0.285308383172378;0.528187440941110;0.019718755036592
sort_1;3;21000;1.045070309890434;0.034253767924383;0.340156618040055;0.516372796846554;0.008108119945973
sort_1;3;21000;0.965706714196131;0.034020764986053;0.263038601959124;0.508014102000743;0.007969873026013
sort_1;3;21000;1.037431044038385;0.088914923835546;0.291348189115524;0.514571128878742;0.007361288880929
sort_1;3;21000;1.016111519187689;0.042632187018171;0.272663976997137;0.531659848056734;0.008121907012537
sort_1;2;14000;1.302062458125874;0.051201110938564;0.336566078010947;0.807452365057543;0.009476355975494
sort_1;2;14000;1.359058958012611;0.050645897164941;0.411595450015739;0.795826500048861;0.012001367984340
sort_1;2;14000;1.286099056014791;0.051029283087701;0.342221884988248;0.825251657981426;0.009600016055629
sort_1;2;14000;1.236607739003375;0.050761858932674;0.337154519045725;0.792046852177009;0.009356400929391
sort_1;2;14000;1.439617631956935;0.050814375979826;0.381509573198855;0.938792664092034;0.010792359011248
sort_1;2;14000;1.368482446996495;0.050857082009315;0.347656365949661;0.847821305040270;0.042413417948410
sort_1;2;14000;1.275667131878436;0.051285536028445;0.343708680942655;0.785940041998401;0.011687868973240
sort_1;2;14000;1.253644966054708;0.050951506011188;0.338702252134681;0.797743880888447;0.017228964949027
sort_1;2;14000;1.455313879065216;0.100980511168018;0.347444611135870;0.904171668924391;0.012114122044295
sort_1;2;14000;1.413987925974652;0.056890493957326;0.413529996993020;0.867133974097669;0.009984100004658
sort_1;2;14000;1.374436048092321;0.071245273808017;0.375684584956616;0.870230050990358;0.009432982886210
sort_1;2;14000;1.325592725072056;0.050871046027169;0.367003916995600;0.852020059945062;0.009398548863828
sort_1;2;14000;1.398372577968985;0.050612006103620;0.378038025926799;0.909967754967511;0.009394042892382
sort_1;2;14000;1.376344767864794;0.050536653958261;0.345170169835910;0.918603928061202;0.009740036912262
sort_1;2;14000;1.336100256070495;0.050447513815016;0.380512988893315;0.848019941011444;0.009295057039708
sort_1;2;14000;1.360971512971446;0.070027749054134;0.353334558894858;0.873752631014213;0.009415699867532
sort_1;2;14000;1.348392276791856;0.050555757945403;0.349988905014470;0.882979626068845;0.010575849097222
sort_1;2;14000;1.350224929163232;0.050593544030562;0.358066864078864;0.881507107988000;0.009435241110623
sort_1;2;14000;1.348183040972799;0.050515653099865;0.382966954959556;0.858584542060271;0.009376185014844
sort_1;2;14000;1.364912481047213;0.058305010199547;0.362083288840950;0.888617981923744;0.009362628916278
sort_1;16;112000;0.605573049979284;0.032771689118817;0.146897116908804;0.039676276966929;0.004976891214028
sort_1;16;112000;1.133778768824413;0.029732035007328;0.325016926042736;0.039513068040833;0.005987755022943
sort_1;16;112000;0.586779856821522;0.031000096816570;0.130954246968031;0.039572393056005;0.005826506065205
sort_1;16;112000;1.209209972992539;0.030751240905374;0.599509916035458;0.103504432132468;0.003059746930376
sort_1;16;112000;0.757225780049339;0.030599039979279;0.211140364874154;0.039808778092265;0.012898786924779
sort_1;16;112000;0.870619049994275;0.031703512184322;0.105912829050794;0.040040266001597;0.006278529996052
sort_1;16;112000;1.916781553998590;0.063839108916000;0.566685714991763;0.191989661892876;0.059113884111866
sort_1;16;112000;1.736570073058829;0.051849253010005;0.927575670182705;0.084279590984806;0.004925410961732
sort_1;16;112000;1.298774623079225;0.054334198823199;0.669219168834388;0.052039484027773;0.013889929978177
sort_1;16;112000;1.900817757006735;0.060658494941890;0.949320840882137;0.164143993053585;0.031230611028150
sort_1;16;112000;1.809072909876704;0.055021134903654;0.876559202093631;0.102622434962541;0.003012988017872
sort_1;16;112000;1.349120126105845;0.067356481915340;0.450105663854629;0.074932243907824;0.012029118137434
sort_1;16;112000;1.835265578003600;0.063923985930160;0.978908916935325;0.111773652024567;0.027591936988756
sort_1;16;112000;1.773941610008478;0.069275527028367;0.837045581080019;0.152654326055199;0.014929949073121
sort_1;16;112000;1.841358758974820;0.058722213841975;0.795179530978203;0.121769123012200;0.024006837047637
sort_1;16;112000;1.882436919957399;0.055782703915611;0.793824210995808;0.203605965012684;0.003031885949895
sort_1;16;112000;1.623891827883199;0.032794867875054;0.856621013954282;0.154823220102116;0.003422823967412
sort_1;16;112000;1.677111958153546;0.050683654146269;0.630700852954760;0.190296063898131;0.005626457976177
sort_1;16;112000;0.871009782887995;0.007065091980621;0.164519191952422;0.059810414910316;0.010447592008859
sort_1;16;112000;0.951391726965085;0.044531315099448;0.265062938909978;0.068145356839523;0.007900869008154
sort_1;1;7000;2.568340850062668;0.101348465075716;0.447114096954465;1.984086735057645;0.016124753048643
sort_1;1;7000;2.568057473050430;0.101454554940574;0.446466438937932;1.983641156926751;0.016522316029295
sort_1;1;7000;2.561831598985009;0.101154286996461;0.445248430012725;1.979677095077932;0.016192269045860
sort_1;1;7000;2.567674680030905;0.101501756929792;0.445618310943246;1.984840460005216;0.015866523026489
sort_1;1;7000;2.574962043086998;0.100706870900467;0.457861884031445;1.981971753994003;0.014930796925910
sort_1;1;7000;2.564311060006730;0.101356860017404;0.443903489969671;1.983991503017023;0.015415814006701
sort_1;1;7000;2.567754576914012;0.100868863984942;0.445341239916161;1.986204533954151;0.015769499936141
sort_1;1;7000;2.570622863015160;0.100997839937918;0.449301691958681;1.983913918025792;0.016722426051274
sort_1;1;7000;2.563942141947336;0.100877583026886;0.441930525004864;1.985501794959418;0.016193734947592
sort_1;1;7000;2.570038034929894;0.101441537961364;0.448916206951253;1.983295290963724;0.016659918008372
sort_1;1;7000;2.568613748997450;0.101281580980867;0.451384720974602;1.980866192956455;0.015610864036717
sort_1;1;7000;2.566448144963942;0.101356270024553;0.448086495976895;1.981664740014821;0.015652177040465
sort_1;1;7000;2.567490371991880;0.100899890065193;0.441926064901054;1.990576314041391;0.014682254986838
sort_1;1;7000;2.583381746895611;0.101512462017126;0.457237162976526;1.988011437933892;0.016754028969444
sort_1;1;7000;2.572041786974296;0.101202489924617;0.448233728064224;1.988322963006794;0.014913849066943
sort_1;1;7000;2.568133185966872;0.100923090940341;0.447817383916117;1.983292418997735;0.016536284005269
sort_1;1;7000;2.563060801941901;0.100737656001002;0.446917096967809;1.979789047967643;0.016170860035345
sort_1;1;7000;2.578217525035143;0.101448150933720;0.452354841982014;1.988953244057484;0.015769278979860
sort_1;1;7000;2.573367421980947;0.100863181985915;0.453738415031694;1.984122136025690;0.015204446972348
sort_1;1;7000;2.568358157062903;0.101464981911704;0.450302386074327;1.981556448969059;0.015304493019357
sort_2;6;42000;1.218962328042835;0.014848188031465;0.310889386106282;0.260122422827408;0.632933893008158
sort_2;6;42000;1.215585144935176;0.014903984032571;0.308828044915572;0.259508295916021;0.632180183893070
sort_2;6;42000;1.210854880046099;0.014888116158545;0.304122166009620;0.259461533976719;0.632225558860227
sort_2;6;42000;1.214124020887539;0.014888911973685;0.306135689839721;0.259783922927454;0.633154168026522
sort_2;6;42000;1.215314134955406;0.014927545096725;0.308309382060543;0.259706387063488;0.632212277967483
sort_2;6;42000;1.218095100950450;0.014891324099153;0.311104238964617;0.259942132979631;0.631994947791100
sort_2;6;42000;1.221847634995356;0.014928505057469;0.313682744046673;0.260180352954194;0.632885207189247
sort_2;6;42000;1.219868934014812;0.015026612905785;0.311148009030148;0.261290926951915;0.632235933793709
sort_2;6;42000;1.217263628030196;0.014917745022103;0.309636384947225;0.259563395986333;0.632979640970007
sort_2;6;42000;1.218940421007574;0.014863535994664;0.311696188990027;0.260050680954009;0.632167538860813
sort_2;6;42000;1.218507418874651;0.014964386820793;0.311741532059386;0.259777803905308;0.631858414039016
sort_2;6;42000;1.222692718030885;0.027187663130462;0.299294523894787;0.259828299051151;0.632319279946387
sort_2;6;42000;1.214375714072958;0.014975141966715;0.307702617952600;0.259690538980067;0.631851549027488
sort_2;6;42000;1.214911837829277;0.014908546116203;0.306876320159063;0.260652795201167;0.632317526033148
sort_2;6;42000;1.215994869126007;0.014901833841577;0.306917276931927;0.261214383877814;0.632794616976753
sort_2;6;42000;1.214654860785231;0.014998059952632;0.306525919819251;0.260060476837680;0.632915857015178
sort_2;6;42000;1.214635662036017;0.014923010952771;0.306803314946592;0.260370758129284;0.632376682013273
sort_2;6;42000;1.219129676930606;0.014960656873882;0.311646813992411;0.260230547981337;0.632128798170015
sort_2;6;42000;1.220450857887045;0.014914104947820;0.311160495970398;0.260018392931670;0.634192954050377
sort_2;6;42000;1.208637000992894;0.014875577064231;0.300879041897133;0.260624193120748;0.632094780914485
sort_2;8;56000;1.297412179992534;0.011254917015322;0.242127300938591;0.186087014968507;0.857729565934278
sort_2;8;56000;1.305950587964617;0.011174241080880;0.248138293041848;0.187292420072481;0.859125311020762
sort_2;8;56000;1.299485213006847;0.011229880037718;0.242434134939685;0.186826518038288;0.858789458987303
sort_2;8;56000;1.297556697041728;0.011214172001928;0.240215589059517;0.186834707972594;0.859085901989602
sort_2;8;56000;1.288470504921861;0.011210756027140;0.230183423031121;0.186096930061467;0.860398955061100
sort_2;8;56000;1.282917139003985;0.011161076021381;0.227202576003037;0.186475286027417;0.857871799962595
sort_2;8;56000;1.282676857896149;0.011152827995829;0.226737918099388;0.186827433994040;0.857738360064104
sort_2;8;56000;1.285165547044016;0.011237920029089;0.228312555002049;0.186677157995291;0.858739168965258
sort_2;8;56000;1.298594143940136;0.011195810977370;0.240889218985103;0.187687881989405;0.858622869942337
sort_2;8;56000;1.294517892063595;0.011246490990743;0.237968684989028;0.187383710988797;0.857729310053401
sort_2;8;56000;1.302291502011940;0.011202816967852;0.244253896060400;0.186141437035985;0.860497285961173
sort_2;8;56000;1.287032292922959;0.011232849908993;0.231750176986679;0.187099805916660;0.856735661043786
sort_2;8;56000;1.294874779996462;0.011219482054003;0.237792346975766;0.186860939953476;0.858800695976242
sort_2;8;56000;1.286084249033593;0.011246390989982;0.228124318993650;0.187394512002356;0.859115588944405
sort_2;8;56000;1.295708816964179;0.011229561991058;0.239986263099127;0.186864704941399;0.857413924066350
sort_2;8;56000;1.286937559954822;0.011226522969082;0.228532880079001;0.187412441940978;0.859537667944096
sort_2;8;56000;1.307756472961046;0.011304698069580;0.250622343970463;0.187074666027911;0.858538134954870
sort_2;8;56000;1.298307826975361;0.011191114084795;0.241318873013370;0.186805826029740;0.858783212956041
sort_2;8;56000;1.293976298999041;0.011218035011552;0.238113370025530;0.186269351979718;0.858165316050872
sort_2;8;56000;1.288782374002039;0.011214296915568;0.234599980991334;0.186271928949282;0.856489510973915
sort_2;7;49000;1.447487649973482;0.021494794171304;0.454973830142990;0.219857525080442;0.746913403971121
sort_2;7;49000;1.246127889957279;0.012887533986941;0.268371317069978;0.219397448934615;0.745268163038418
sort_2;7;49000;1.458819261053577;0.013346645049751;0.476938313106075;0.220059799961746;0.748234402853996
sort_2;7;49000;1.262348446063697;0.012865864904597;0.284842618973926;0.218455648981035;0.745977733051404
sort_2;7;49000;1.430639914004132;0.013099475996569;0.450654879910871;0.218565162969753;0.748115958878770
sort_2;7;49000;1.249593374086544;0.012825073907152;0.272284853970632;0.219396150903776;0.744882458122447
sort_2;7;49000;1.363513387972489;0.013163325842470;0.385103476932272;0.218960974132642;0.746066814986989
sort_2;7;49000;1.432494273176417;0.013102788012475;0.456087772035971;0.218720179982483;0.744382926961407
sort_2;7;49000;1.444962697802112;0.013975942041725;0.461650810902938;0.222268651006743;0.746805144939572
sort_2;7;49000;1.437728342134506;0.013112114975229;0.456588743021712;0.219494249206036;0.744419587077573
sort_2;7;49000;1.366561614908278;0.013096140930429;0.386880815029144;0.219571460969746;0.746805716073141
sort_2;7;49000;1.281368418131024;0.025151259033009;0.288806159049273;0.218394466210157;0.744851165916771
sort_2;7;49000;1.371855785138905;0.013062651967630;0.387619676999748;0.224417912075296;0.746549012837932
sort_2;7;49000;1.256849661003798;0.012811040040106;0.279211392858997;0.220402932027355;0.744237967068329
sort_2;7;49000;1.282687722938135;0.012883732793853;0.302938873181120;0.218722728081048;0.747957726009190
sort_2;7;49000;1.486537739867344;0.030129519058391;0.489153723930940;0.218867178075016;0.744251600932330
sort_2;7;49000;1.257670202059671;0.012774063972756;0.280037567950785;0.218524091877043;0.746133231092244
sort_2;7;49000;1.253546038176864;0.012849256861955;0.276448827935383;0.218741288874298;0.745286772958934
sort_2;7;49000;1.278734379913658;0.025742742931470;0.284464508993551;0.218415118055418;0.745984918903559
sort_2;7;49000;1.377916835015640;0.013147043064237;0.399266324006021;0.218804196920246;0.746489129960537
sort_2;10;70000;1.479254335979931;0.021443924051709;0.224044834962115;0.144701501936652;1.084983338019811
sort_2;10;70000;1.468183220014907;0.033918375032954;0.200293774018064;0.144488728023134;1.081315896008164
sort_2;10;70000;1.480984814930707;0.021690585999750;0.227521925000474;0.144898567930795;1.082791898981668
sort_2;10;70000;1.467422487912700;0.021122163976543;0.215187974972650;0.144127246923745;1.082291300990619
sort_2;10;70000;1.491129116970114;0.021609209012240;0.236028650077060;0.144303965033032;1.081099014962092
sort_2;10;70000;1.482248348998837;0.021029787953012;0.226236285059713;0.144111172063276;1.082701965002343
sort_2;10;70000;1.455430589965545;0.021674840943888;0.202939591021277;0.144005329930224;1.082728303037584
sort_2;10;70000;1.478345295996405;0.021034467034042;0.224681391962804;0.144967396045104;1.080872844904661
sort_2;10;70000;1.512896309024654;0.021450177999213;0.254200811963528;0.144780902075581;1.084389238036238
sort_2;10;70000;1.501628580037504;0.021075793076307;0.244993800995871;0.144302285974845;1.083146541961469
sort_2;10;70000;1.501169204944745;0.021488395053893;0.243822994991206;0.145119777065702;1.082653330988251
sort_2;10;70000;1.477069215034135;0.021582475979812;0.218162102974020;0.145250604022294;1.083899040007964
sort_2;10;70000;1.456822131993249;0.021606652997434;0.203572893980891;0.144556942977943;1.083006936940365
sort_2;10;70000;1.466785359079950;0.020878460025415;0.209430426009931;0.145162340952083;1.083145531010814
sort_2;10;70000;1.503863843972795;0.021275417995639;0.247799561941065;0.144601667067036;1.082094316021539
sort_2;10;70000;1.461647931952029;0.021764639997855;0.205888243042864;0.144208295037970;1.081629787920974
sort_2;10;70000;1.483844929025508;0.021088688983582;0.230750437942334;0.144183006952517;1.083738164976239
sort_2;10;70000;1.480150192975998;0.021476958063431;0.219643448945135;0.144370596972294;1.082494872971438
sort_2;10;70000;1.481350752059370;0.020996149978600;0.223778367973864;0.144368153065443;1.083981171017513
sort_2;10;70000;1.468583527021110;0.021358872996643;0.210434132954106;0.147356015979312;1.081274577998556
sort_2;9;63000;1.565823892015032;0.010413690004498;0.413137697032653;0.163905373890884;0.977852444048040
sort_2;9;63000;1.600537776947021;0.010291523998603;0.449842003989033;0.171085819019936;0.969062222051434
sort_2;9;63000;1.548270405968651;0.010375977959484;0.405666520935483;0.163102323887870;0.968874606071040
sort_2;9;63000;1.498689190950245;0.010301016969606;0.355035864049569;0.163558040978387;0.969534094911069
sort_2;9;63000;1.504267237032764;0.010373438009992;0.356792569044046;0.162963069044054;0.973875878960826
sort_2;9;63000;1.463630667072721;0.022168466937728;0.241484238067642;0.227087800041772;0.968804720905609
sort_2;9;63000;1.426271949079819;0.022028226987459;0.255085351062007;0.176052595023066;0.969022350967862
sort_2;9;63000;1.449184917961247;0.010330257937312;0.300998001941480;0.166419508983381;0.971185414004140
sort_2;9;63000;1.576398528995924;0.010373151046224;0.431412609992549;0.163678938057274;0.970675810007378
sort_2;9;63000;1.489903185982257;0.022867393097840;0.323526732972823;0.164231430040672;0.975181894027628
sort_2;9;63000;1.523259203997441;0.022849873988889;0.334502285113558;0.192467892076820;0.969353688997217
sort_2;9;63000;1.468271908001043;0.022704012924805;0.308812606963329;0.162964483024552;0.969713167985901
sort_2;9;63000;1.484106816002168;0.022041545948014;0.325026514008641;0.163976393989287;0.968976994045079
sort_2;9;63000;1.446128002949990;0.010847833938897;0.295786774950102;0.163217651075684;0.972490672953427
sort_2;9;63000;1.506741674034856;0.022868912084959;0.348188163014129;0.163031138014048;0.968569163000211
sort_2;9;63000;1.573673270060681;0.010347926057875;0.429808328975923;0.162765244953334;0.970485335099511
sort_2;9;63000;1.542323457077146;0.010311666061170;0.396312086028047;0.163112681009807;0.972321361070499
sort_2;9;63000;1.433297205017880;0.021839182008989;0.271996643976308;0.163515280000865;0.971849711029790
sort_2;9;63000;1.472689452930354;0.022472560987808;0.245303114992566;0.232426267000847;0.968407431035303
sort_2;9;63000;1.504978627082892;0.022666643955745;0.346592650050297;0.163036706042476;0.968612724100240
sort_2;11;77000;1.620028483099304;0.029179960023612;0.253955580992624;0.134607361978851;1.194122796994634
sort_2;11;77000;1.651718934066594;0.029177417978644;0.226588385063224;0.190511154010892;1.197246040916070
sort_2;11;77000;1.708210855023935;0.029157917946577;0.223509081057273;0.200152043020353;1.246777664986439
sort_2;11;77000;1.687117577996105;0.011544595006853;0.255989196943119;0.200903204036877;1.197802477981895
sort_2;11;77000;1.706761055975221;0.029206929029897;0.330083230976015;0.136571337003261;1.198730167001486
sort_2;11;77000;1.735853419057094;0.029170298017561;0.253713091020472;0.206103596021421;1.234676221967675
sort_2;11;77000;1.653194801067002;0.029179951990955;0.251371109974571;0.166386233991943;1.194061574060470
sort_2;11;77000;1.729385043960065;0.029162441962399;0.242416112101637;0.199246515985578;1.246389674022794
sort_2;11;77000;1.686481129028834;0.029208154999651;0.253922436037101;0.194351213052869;1.196824186015874
sort_2;11;77000;1.708636146970093;0.029134974931367;0.250190897961147;0.233288496965542;1.183854242903180
sort_2;11;77000;1.767746333032846;0.029147416003980;0.265386576997116;0.196755422046408;1.264288578997366
sort_2;11;77000;1.740981508046389;0.029173749033362;0.373870539013296;0.130025041056797;1.195730632985942
sort_2;11;77000;1.643573994049802;0.021505248965696;0.222947119036689;0.191964854020625;1.195046556997113
sort_2;11;77000;1.710404017008841;0.029189702006988;0.273735404945910;0.200299283955246;1.194998734979890
sort_2;11;77000;1.684351984993555;0.029193290974945;0.247264990000986;0.200133029953577;1.195571536081843
sort_2;11;77000;1.680384189006872;0.029149130918086;0.242433435982093;0.200585666927509;1.196032842970453
sort_2;11;77000;1.679188744048588;0.029151848051697;0.247568109072745;0.193823346984573;1.196458949940279
sort_2;11;77000;1.690428841044195;0.029179359087721;0.252350385067984;0.215726400027052;1.184880077023990
sort_2;11;77000;1.821369401994161;0.029187837964855;0.300394005025737;0.233335218974389;1.246291392948478
sort_2;11;77000;1.690241513075307;0.029143183026463;0.247080420027487;0.202592198969796;1.199247527052648
sort_2;15;105000;1.887037263950333;0.006072895135731;0.146251801168546;0.089365957072005;1.644963263999671
sort_2;15;105000;1.894974324852228;0.006095680873841;0.150066448841244;0.089262720895931;1.649197338847443
sort_2;15;105000;1.888048714026809;0.006101486040279;0.146542386151850;0.089595459867269;1.645388904958963
sort_2;15;105000;1.898944386048242;0.006104547996074;0.150240942137316;0.089012217009440;1.649218972073868
sort_2;15;105000;1.895406155847013;0.006064954912290;0.150148415938020;0.089339215075597;1.649485114030540
sort_2;15;105000;1.889316083863378;0.006110948044807;0.146535192150623;0.090769892092794;1.645454120123759
sort_2;15;105000;1.895154258003458;0.006059773964807;0.149958748836070;0.089490334037691;1.649273789022118
sort_2;15;105000;1.895064884796739;0.006105589913204;0.150059788022190;0.089308071881533;1.649222956039011
sort_2;15;105000;1.895401490153745;0.006101534003392;0.150072668911889;0.089612476993352;1.649235930060968
sort_2;15;105000;1.892696928000078;0.006130161928013;0.150289181154221;0.089232709025964;1.646691326983273
sort_2;15;105000;1.893682742025703;0.006065869005397;0.150001139147207;0.089408682892099;1.647834090981632
sort_2;15;105000;1.894719452131540;0.006108290050179;0.149912775959820;0.089278856059536;1.649055702844635
sort_2;15;105000;1.888350467197597;0.006081888917834;0.146543107926846;0.089944023173302;1.645432545104995
sort_2;15;105000;1.892601146828383;0.006105036940426;0.146922325016931;0.089916558004916;1.649294768925756
sort_2;15;105000;1.887360889930278;0.006096517900005;0.146283630980179;0.089626717148349;1.645001665921882
sort_2;15;105000;1.895961715839803;0.006097324891016;0.150091563118622;0.089718121103942;1.649283742997795
sort_2;15;105000;1.894108274951577;0.006061002844945;0.150353849167004;0.089397402945906;1.647928831167519
sort_2;15;105000;1.895852177869529;0.006080160150304;0.150235594948754;0.089881915831938;1.649272961076349
sort_2;15;105000;1.894840460969135;0.006119050085545;0.149566228967160;0.089428351027891;1.649351487867534
sort_2;15;105000;1.895814497023821;0.006102798040956;0.149992608930916;0.089972475077957;1.649379416136071
sort_2;5;35000;3.037616079906002;0.308678199071437;1.886300440877676;0.322062565945089;0.520435889950022
sort_2;5;35000;1.815992780961096;0.017776418011636;0.365288582863286;0.321489427005872;1.111282505095005
sort_2;5;35000;1.202633294044062;0.017745644086972;0.342786649009213;0.321326384088024;0.520615398883820
sort_2;5;35000;2.346622519893572;0.017779840156436;1.343171644024551;0.465297132963315;0.520227899076417
sort_2;5;35000;2.291279335971922;0.017882534069940;1.429890459869057;0.323338811984286;0.520038883900270
sort_2;5;35000;2.339508516946808;0.017795197898522;0.852506682043895;0.321471848990768;1.147584341000766
sort_2;5;35000;1.562796013895422;0.017862302949652;0.381039581960067;0.643724128836766;0.520036181900650
sort_2;5;35000;1.710654972121119;0.017806882038713;0.346035684924573;0.826435243943706;0.520235224161297
sort_2;5;35000;1.202498302794993;0.017735423054546;0.342785802902654;0.321735533885658;0.520108814118430
sort_2;5;35000;1.630669520935044;0.017808703007177;0.573748998111114;0.411704062949866;0.627253972925246
sort_2;5;35000;1.314586938126013;0.017799627967179;0.452770883915946;0.323013950139284;0.520841052988544
sort_2;5;35000;1.227706880075857;0.017809275072068;0.367590653011575;0.321659971959889;0.520513584138826
sort_2;5;35000;1.209935297025368;0.017817393178120;0.349625468021259;0.321039875969291;0.521307411137968
sort_2;5;35000;1.233834567945451;0.017835194012150;0.371098710922524;0.323071677936241;0.521690675057471
sort_2;5;35000;1.231635343981907;0.017840611049905;0.370934732025489;0.321924000047147;0.520794380921870
sort_2;5;35000;1.218951660906896;0.017827298026532;0.358845066977665;0.321485712891445;0.520642952062190
sort_2;5;35000;1.211072851903737;0.017809526994824;0.351556435925886;0.321171309100464;0.520393965998664
sort_2;5;35000;1.365489671938121;0.017772623104975;0.357494266936556;0.470208811108023;0.519874189049006
sort_2;5;35000;2.721363489981741;0.017978149931878;0.933157657040283;0.505141664063558;1.264939555898309
sort_2;5;35000;1.575742517132312;0.017888605827466;0.363437802996486;0.542509687133133;0.651761591900140
sort_2;14;98000;1.812515346100554;0.016740014078096;0.150661719031632;0.098796141799539;1.538120855111629
sort_2;14;98000;1.857937336899340;0.012159853940830;0.159658308140934;0.098294705152512;1.578855253057554
sort_2;14;98000;1.831113994820043;0.016696015838534;0.168546018889174;0.098502364009619;1.539191399002448
sort_2;14;98000;1.882139879046008;0.016791847068816;0.230887471931055;0.098255120916292;1.531827294966206
sort_2;14;98000;2.135724079096690;0.006643197964877;0.149935221066698;0.097515431931242;1.877437876071781
sort_2;14;98000;2.401782378088683;0.016756921075284;0.157377572963014;0.098081853939220;2.121424620971084
sort_2;14;98000;2.156140891835093;0.016766004962847;0.158099201042205;0.101617335109040;1.871499675791711
sort_2;14;98000;1.915823348099366;0.016736729070544;0.160446129040793;0.097689223010093;1.632821718929335
sort_2;14;98000;1.902781924931332;0.016785567160696;0.250024507986382;0.097210746956989;1.534525541123003
sort_2;14;98000;1.891291402978823;0.006590261124074;0.231222386006266;0.115139181027189;1.534160389099270
sort_2;14;98000;1.857600198825821;0.016780592035502;0.197494568070397;0.098295748000965;1.536854242905974
sort_2;14;98000;1.843694535782561;0.016750026959926;0.181729886913672;0.099786377977580;1.533252859953791
sort_2;14;98000;1.839368705870584;0.016768211964518;0.176013679010794;0.100737523054704;1.537728110793978
sort_2;14;98000;1.876460991799831;0.016792219132185;0.221108306199312;0.099200198892504;1.535253074951470
sort_2;14;98000;1.899594842921942;0.016280308831483;0.238235547905788;0.101204509148374;1.539589205989614
sort_2;14;98000;1.889025388984010;0.016847553895786;0.232390709919855;0.098597952863201;1.533043863018975
sort_2;14;98000;1.816093539120629;0.016809029038996;0.159868438960984;0.098273892886937;1.532991107087582
sort_2;14;98000;2.029954896075651;0.016768539790064;0.373838956002146;0.097936684964225;1.533271024003625
sort_2;14;98000;2.016559262992814;0.016832891153172;0.161496808985248;0.097600335953757;1.736404847120866
sort_2;14;98000;1.830164178973064;0.029198538046330;0.155670406995341;0.098898711847141;1.540622663917020
sort_2;4;28000;3.401506878901273;0.159861636115238;2.414950299076736;0.416567570064217;0.410008134087548
sort_2;4;28000;1.270259652053937;0.022277626907453;0.423452708171681;0.414897891925648;0.409508896060288
sort_2;4;28000;2.413521068170667;0.022257331991568;0.423781374935061;1.558091314975172;0.409270158037543
sort_2;4;28000;2.350054950919002;0.022317459108308;1.484763497952372;0.433832776965573;0.409031915012747
sort_2;4;28000;2.410147587070242;0.022255652118474;0.937434712890536;0.413431891007349;1.036876121070236
sort_2;4;28000;1.598732551792637;0.022274433868006;0.433363571995869;0.733961825957522;0.409014270873740
sort_2;4;28000;1.774625630117953;0.022207002853975;0.426145177101716;0.917195434914902;0.408944415161386
sort_2;4;28000;1.270270897774026;0.022179874824360;0.425266921054572;0.413417698116973;0.409274405101314
sort_2;4;28000;1.676387608051300;0.022209421033040;0.724798288894817;0.413550198078156;0.515707344049588
sort_2;4;28000;1.364471348002553;0.022226932225749;0.518797067925334;0.413753068074584;0.409561879001558
sort_2;4;28000;1.272046732017770;0.022355238907039;0.426331503083929;0.414034127956256;0.409199462970719
sort_2;4;28000;1.272411445854232;0.022367381025106;0.425309167942032;0.414781638188288;0.409821585984901
sort_2;4;28000;1.274324331898242;0.022379589034244;0.426290691131726;0.415726938052103;0.409804167924449
sort_2;4;28000;1.270135649014264;0.022330642910674;0.423749886918813;0.414708609925583;0.409221434034407
sort_2;4;28000;1.267438024980947;0.022199786035344;0.422415100969374;0.413134622853249;0.409547463990748
sort_2;4;28000;1.273167561972514;0.022277659969404;0.425594349857420;0.415347950998694;0.409808119991794
sort_2;4;28000;1.421954625053331;0.022465721005574;0.573147442890331;0.415479532908648;0.410037720110267
sort_2;4;28000;3.098830142989755;0.022945055970922;2.251242278143764;0.413646767148748;0.410847781924531
sort_2;4;28000;1.791773315984756;0.022228012094274;0.776969094062224;0.415700515033677;0.576744029996917
sort_2;4;28000;1.350905955070630;0.022315299138427;0.505400878144428;0.413686973042786;0.409375712042674
sort_2;3;21000;1.456663548015058;0.029525212943554;0.532887323061004;0.594302699901164;0.299866550136358
sort_2;3;21000;1.704879872035235;0.029542766045779;0.600692205829546;0.687031319132075;0.387528839986771
sort_2;3;21000;1.553737010108307;0.079044827027246;0.581495926948264;0.593142580008134;0.299971754895523
sort_2;3;21000;1.684757150011137;0.029400625964627;0.535172860138118;0.597734599839896;0.522364436183125
sort_2;3;21000;1.946830424014479;0.029443391133100;0.817732148105279;0.737086685840040;0.362471078988165
sort_2;3;21000;1.559193076100200;0.029461862053722;0.637273489031941;0.571336671011522;0.321035674074665
sort_2;3;21000;1.585979128023610;0.029486704152077;0.642471443163231;0.614266189048067;0.299666999140754
sort_2;3;21000;1.600943396100774;0.029556923080236;0.528093127068132;0.743194517912343;0.300014179898426
sort_2;3;21000;1.433309416985139;0.029481545090675;0.533308346988633;0.570588414091617;0.299838711041957
sort_2;3;21000;1.619919443968683;0.029474769951776;0.719368520891294;0.570997935021296;0.299981211079285
sort_2;3;21000;1.474680648185313;0.029472196009010;0.573580010794103;0.571742616128176;0.299791258061305
sort_2;3;21000;1.525799183174968;0.029431607108563;0.626282803947106;0.570207101060078;0.299787383060902
sort_2;3;21000;3.062440634937957;0.029579951893538;1.602431433042511;1.088366531999782;0.341971689835191
sort_2;3;21000;2.719025998143479;0.029486117884517;0.935508060967550;1.322553108911961;0.431382878916338
sort_2;3;21000;1.497350190067664;0.029517936054617;0.535623064031824;0.632256672019139;0.299851346993819
sort_2;3;21000;4.330397129058838;0.029574522981420;2.562162369024009;0.834970870055258;0.903592308051884
sort_2;3;21000;2.100935490103438;0.029563536867499;0.574683611048386;1.196546939900145;0.300057161133736
sort_2;3;21000;1.652028574841097;0.029537850059569;0.748976476956159;0.573156964965165;0.300262597855181
sort_2;3;21000;1.700037673115730;0.029534888919443;0.798301396891475;0.572137191891670;0.299964743899181
sort_2;3;21000;4.621589622925967;0.029444525018334;1.383246710058302;2.757475469028577;0.451333536999300
sort_2;1;7000;2.860470723011531;0.088306696037762;0.682257147971541;1.982930043945089;0.106963827041909
sort_2;1;7000;2.846276836004108;0.088039438938722;0.669395105098374;1.981929639936425;0.106897406978533
sort_2;1;7000;2.858586849994026;0.088058553985320;0.681151853990741;1.982538533047773;0.106831748038530
sort_2;1;7000;2.856590708019212;0.088212790084071;0.680597010999918;1.980771065922454;0.106995236012153
sort_2;1;7000;2.867548704030924;0.088119202991948;0.683461064938456;1.988822733052075;0.107131034019403
sort_2;1;7000;2.854961242992431;0.088137774961069;0.670430661994033;1.989441212965176;0.106936482014135
sort_2;1;7000;2.876945719937794;0.088159507024102;0.693433544947766;1.988201156025752;0.107137353043072
sort_2;1;7000;2.863812918076292;0.089214426930994;0.682316827937029;1.985313433920965;0.106953582959250
sort_2;1;7000;2.873071954003535;0.088241144083440;0.691213464015163;1.986468150047585;0.107135359896347
sort_2;1;7000;2.854686105973087;0.088215942960232;0.676253749988973;1.983298170962371;0.106911899056286
sort_2;1;7000;2.851349340984598;0.087968348059803;0.672768721007742;1.983848756994121;0.106756744906306
sort_2;1;7000;2.866013051010668;0.088281534030102;0.688424124964513;1.982169938972220;0.107125817914493
sort_2;1;7000;2.868419968057424;0.088184681953862;0.688081167056225;1.985073386924341;0.107074324972928
sort_2;1;7000;2.857195721939206;0.088346489937976;0.672759775072336;1.989129967987537;0.106944300001487
sort_2;1;7000;2.856456348905340;0.088081449968740;0.676603276049718;1.984841877012514;0.106923336978070
sort_2;1;7000;2.860228947014548;0.088229959947057;0.681060174014419;1.983941428014077;0.106983384932391
sort_2;1;7000;2.856392847956158;0.088366323965602;0.672996859997511;1.988066665013321;0.106949120992795
sort_2;1;7000;2.855329688056372;0.088012947002426;0.674961641896516;1.985550129087642;0.106792562059127
sort_2;1;7000;2.861266284016892;0.088320999988355;0.671364194015041;1.994651279994287;0.106915232958272
sort_2;1;7000;2.863734155893326;0.088247339008376;0.682338020997122;1.986180483014323;0.106962824007496
sort_2;13;91000;1.704558091005310;0.006959733087569;0.170162434922531;0.105976498918608;1.421152082039043
sort_2;13;91000;1.704049306921661;0.006928672082722;0.164743802044541;0.110787786077708;1.421274433843791
sort_2;13;91000;15.019215385196730;0.007013700902462;0.167986466083676;0.107747789938003;14.736150356940925
sort_2;13;91000;4.542162115918472;0.482334061991423;2.525901166023687;0.106234544189647;1.427375578088686
sort_2;13;91000;1.835813896032050;0.007015981012955;0.165580189088359;0.111158431973308;1.551742724841461
sort_2;13;91000;1.695546370930970;0.006955184042454;0.163268297910690;0.106043922016397;1.418957944028080
sort_2;13;91000;1.775893180165440;0.006955868797377;0.165690137073398;0.105550895910710;1.493348112795502
sort_2;13;91000;1.696954915067181;0.007001071935520;0.164432806894183;0.105474233161658;1.419720468111336
sort_2;13;91000;1.711751657072455;0.006988466018811;0.168830604990944;0.105927109019831;1.425657267915085
sort_2;13;91000;1.712919929064810;0.006942755077034;0.163647396955639;0.111338509945199;1.426645236788318
sort_2;13;91000;1.732604264980182;0.029979849932715;0.169868028955534;0.106070053065196;1.422603799961507
sort_2;13;91000;1.733289718860760;0.030097452923656;0.172505880938843;0.106151134008542;1.420052716974169
sort_2;13;91000;1.716839683940634;0.017695376882330;0.170524658169597;0.105575822992250;1.418966772034764
sort_2;13;91000;1.784269904019311;0.020587224047631;0.219225493026897;0.112193668028340;1.426408170955256
sort_2;13;91000;1.751343626063317;0.019841447006911;0.200438692932948;0.105978237930685;1.420908801024780
sort_2;13;91000;1.713499389123172;0.006994400871918;0.167432734975591;0.112319136038423;1.426412918139249
sort_2;13;91000;1.707827684003860;0.007011368172243;0.164158741943538;0.110237941145897;1.426075147930533
sort_2;13;91000;1.716484252130613;0.007009560009465;0.173641792032868;0.107672801939771;1.427822988014668
sort_2;13;91000;1.707690979121253;0.007006518077105;0.168608313892037;0.106377667980269;1.425384504022077
sort_2;13;91000;1.717137127881870;0.007009217981249;0.172416373854503;0.106037187855691;1.431346704019234
sort_2;12;84000;1.928679106058553;0.031591370003298;0.459940925007686;0.117039042059332;1.311320879962295
sort_2;12;84000;1.756150967907161;0.018828080967069;0.308836904121563;0.116726604988798;1.307523544877768
sort_2;12;84000;24.054031633073464;0.008024143986404;0.323166449088603;0.116945646936074;23.605582159943879
sort_2;12;84000;1.760299825109541;0.007861341815442;0.322814579121768;0.116759779863060;1.312540880870074
sort_2;12;84000;1.998609039932489;0.018935359083116;0.548004869837314;0.116708093089983;1.310759974876419
sort_2;12;84000;1.781539019895718;0.018955349922180;0.333369710016996;0.116605277871713;1.308338504983112
sort_2;12;84000;2.031733986921608;0.028318450087681;0.435791368829086;0.181273350026459;1.378225617110729
sort_2;12;84000;1.819683068897575;0.019757274072617;0.353442109888420;0.116608126088977;1.310279896948487
sort_2;12;84000;2.004622720880434;0.027843534946442;0.479463705094531;0.177917389199138;1.311245610937476
sort_2;12;84000;1.857813344802707;0.030177078908309;0.391434205928817;0.117465672083199;1.310447848867625
sort_2;12;84000;1.927198772085831;0.030287944013253;0.423607781063765;0.154785550897941;1.310222442029044
sort_2;12;84000;1.798236873932183;0.027837126981467;0.334115247940645;0.117443955037743;1.309111811919138
sort_2;12;84000;1.890111495973542;0.030322925187647;0.424192609032616;0.116654047043994;1.310225876979530
sort_2;12;84000;1.813512488966808;0.030279994010925;0.345695624826476;0.117068251827732;1.311173397116363
sort_2;12;84000;1.727869731141254;0.007721719099209;0.294573700055480;0.116518907947466;1.308709808858112
sort_2;12;84000;1.717787220841274;0.007812296040356;0.280766087118536;0.117057764902711;1.311790488893166
sort_2;12;84000;1.736718941945583;0.007718642009422;0.293800049927086;0.116524016018957;1.314500608015805
sort_2;12;84000;1.920532899908721;0.031970073934644;0.456591908819973;0.117421438917518;1.310312828980386
sort_2;12;84000;1.751318681985140;0.007802163949236;0.313912542071193;0.116671419935301;1.312606820138171
sort_2;12;84000;1.890724863158539;0.030281113926321;0.426633100025356;0.116404352011159;1.308543803868815
sort_2;16;112000;3.811959025915712;0.029526435071602;0.499852484092116;0.302619555033743;2.958720221882686
sort_2;16;112000;3.491986830020323;0.147757898084819;1.477804137859493;0.082955355988815;1.762199201853946
sort_2;16;112000;2.639997720951214;0.032407379942015;0.419465705985203;0.317768540000543;1.853969791904092
sort_2;16;112000;5.115145328920335;0.030504454160109;0.416475119069219;0.341999525902793;4.305789110949263
sort_2;16;112000;3.276993497041985;0.032614420168102;0.414462591987103;0.255524327978492;2.554006138117984
sort_2;16;112000;2.388517617015168;0.034204977098852;0.433293042937294;0.145907972007990;1.762748820940033
sort_2;16;112000;5.328232304891571;0.032771891914308;0.367937908973545;0.130819451995194;4.780480000888929
sort_2;16;112000;4.892265994101763;0.034179276088253;0.404443677049130;0.351000044029206;4.070251164957881
sort_2;16;112000;2.701466481899843;0.031751610105857;0.412999984808266;0.140730482991785;2.099614717066288
sort_2;16;112000;4.791138393105939;0.034189211903140;0.410582480952144;0.397000171942636;3.917004868155345
sort_2;16;112000;5.060635993955657;0.034351777983829;0.599515679059550;0.342998866923153;4.059334274148569
sort_2;16;112000;4.869319817051291;0.034000683110207;0.389998624101281;0.334929713048041;4.082785458071157
sort_2;16;112000;5.260086609981954;0.033062211005017;0.389079828048125;0.333351285895333;4.480200207093731
sort_2;16;112000;5.350309038069099;0.031697432976216;0.404997706878930;0.363999550929293;4.529196051880717
sort_2;16;112000;4.260662748012692;0.043783327098936;0.492278205929324;0.082756834104657;2.772973224986345
sort_2;16;112000;3.690711662173271;0.034171676030383;0.418728705961257;0.284999762894586;2.932410337962210
sort_2;16;112000;6.760045947972685;1.241497152950615;0.391688080970198;0.849000480957329;4.245468280976638
sort_2;16;112000;4.426874896977097;0.032585547072813;0.419445158913732;0.336000145878643;3.602465704781935
sort_2;16;112000;6.847530484898016;0.037001131102443;0.397998021915555;0.348999739857391;6.033706014975905
sort_2;16;112000;6.103011779021472;0.034228045959026;0.383845953037962;0.342345220968127;5.318209571996704
sort_2;2;14000;1.897732295095921;0.044144744053483;0.759639455005527;0.898823861032724;0.195041711907834
sort_2;2;14000;2.259752578800544;0.044165834086016;0.822679979028180;1.175393610959873;0.217435161117464
sort_2;2;14000;1.894480023998767;0.044046688824892;0.730478386860341;0.925054192077368;0.194832999957725
sort_2;2;14000;2.535948487930000;0.044204993173480;1.231417314149439;1.065285754855722;0.194974420126528
sort_2;2;14000;1.959545962978154;0.044242753181607;0.800546211190522;0.919459386030212;0.195228050928563
sort_2;2;14000;1.885592252947390;0.044172202004120;0.706489813979715;0.939777193125337;0.195080070057884
sort_2;2;14000;2.350384892895818;0.044105089968070;0.756317507009953;1.354979433119297;0.194911090191454
sort_2;2;14000;2.059040711028501;0.044012967031449;0.735449278028682;1.084616059903055;0.194892308907583
sort_2;2;14000;1.884200345957652;0.044754900038242;0.747225472936407;0.897016061935574;0.195136903086677
sort_2;2;14000;2.948130445089191;0.044151152949780;0.731360734906048;1.131115329917520;1.041417288826779
sort_2;2;14000;3.356500409077853;0.044053300051019;1.316157375928015;1.801308596972376;0.194917363114655
sort_2;2;14000;1.932886851951480;0.044146741973236;0.735205860110000;0.958505629794672;0.194957941072062
sort_2;2;14000;4.917013273108751;0.044111300026998;2.253910223953426;2.271145032951608;0.347775292815641
sort_2;2;14000;2.531983911991119;0.044255862012506;0.768920428818092;1.523614787030965;0.195119777927175
sort_2;2;14000;2.957030756864697;0.045199962100014;1.571597734000534;1.143043406074867;0.197109380038455
sort_2;2;14000;5.778259883867577;0.044079394079745;1.591967287007719;3.230884175049141;0.911257058847696
sort_2;2;14000;5.351637758081779;0.044107980793342;3.467222989071161;1.645270030014217;0.194969417992979
sort_2;2;14000;27.308194450102746;0.044120346894488;0.883583297021687;25.887281538918614;0.493143372936174
sort_2;2;14000;25.043944491073489;4.698232589988038;17.795566295972094;2.198316540103406;0.351761162048206
sort_2;2;14000;2.799782705958933;0.044329820899293;1.112429678905755;1.447964874096215;0.194992717821151
sort_3;4;28000;1.269421366974711;0.022287227911875;0.332172828027979;0.405414906097576;0.408124391920865;0.035435841884464
sort_3;4;28000;1.265335916075855;0.022277097916231;0.327452407218516;0.406316458946094;0.408144745975733;0.035717525053769
sort_3;4;28000;1.267263338901103;0.022264481987804;0.330831081839278;0.405417406000197;0.408177866833284;0.035176021046937
sort_3;4;28000;1.262231806060299;0.022278032964095;0.323134960141033;0.405567636946216;0.408757674042135;0.035990145057440
sort_3;4;28000;1.263380175922066;0.022357064066455;0.321550348075107;0.407209145138040;0.408215424045920;0.036116798873991
sort_3;4;28000;1.267600282095373;0.022208573995158;0.329529320122674;0.406645087990910;0.408054829807952;0.035480244085193
sort_3;4;28000;1.301165045937523;0.022213676944375;0.324134303955361;0.406029601115733;0.446787270018831;0.035721086198464
sort_3;4;28000;1.273570773890242;0.022433347068727;0.331505662063137;0.406362290959805;0.408699312014505;0.037337142042816
sort_3;4;28000;1.278051540022716;0.022284932900220;0.334963240893558;0.408014784101397;0.408545579994097;0.036851548124105
sort_3;4;28000;1.275140347890556;0.022625684970990;0.263944094069302;0.407450136961415;0.410874599125236;0.050874012056738
sort_3;4;28000;1.265849384013563;0.022779406979680;0.269573925994337;0.408274038927630;0.408992563141510;0.044724446954206
sort_3;4;28000;1.222811989020556;0.023223648080602;0.249215082032606;0.406729654176161;0.409664115170017;0.041524983011186
sort_3;4;28000;1.243732771836221;0.022628135979176;0.241151020163670;0.407464046962559;0.411229231161997;0.048304103082046
sort_3;4;28000;1.317399299936369;0.022745480062440;0.344734758837149;0.406981250969693;0.414237753953785;0.040572934085503
sort_3;4;28000;1.232384297996759;0.023106438107789;0.259441104019061;0.410211680922657;0.410315145971254;0.040431312052533
sort_3;4;28000;1.261942048091441;0.022673093946651;0.292352337855846;0.407444242155179;0.411637000041083;0.039788055000827
sort_3;4;28000;1.295739562017843;0.022649336839095;0.298377646831796;0.407372727058828;0.409055696101859;0.046408079098910
sort_3;4;28000;1.265062947990373;0.022508358117193;0.322554948041216;0.407346079824492;0.408529992913827;0.035836854949594
sort_3;4;28000;1.273666804889217;0.022367898840457;0.333272013813257;0.407569176051766;0.408250576816499;0.036192090017721
sort_3;4;28000;1.264045985182747;0.022441590903327;0.323379640001804;0.406310366932303;0.408427209826186;0.036181723000482
sort_3;6;42000;1.275972444098443;0.014943109126762;0.267010819166899;0.258948785020038;0.631461920915172;0.032266128109768
sort_3;6;42000;1.273140633944422;0.014910004101694;0.268427662085742;0.258251450955868;0.631166367791593;0.030824923887849
sort_3;6;42000;1.276145085925236;0.014990337193012;0.267592270160094;0.257645844947547;0.631356696132571;0.032920063938946
sort_3;6;42000;1.279245809884742;0.014977488899603;0.268299499992281;0.258490037871525;0.632203650893643;0.032876447075978
sort_3;6;42000;1.274945863988250;0.014958725078031;0.266878040041775;0.258408928988501;0.631125662010163;0.032497391104698
sort_3;6;42000;1.282083844067529;0.014925831928849;0.269146412843838;0.258077254984528;0.632022798992693;0.034179976908490
sort_3;6;42000;1.281200994970277;0.014951854944229;0.268676626030356;0.259330835891888;0.631756543880329;0.033970790915191
sort_3;6;42000;1.225168434903026;0.014947685180232;0.214586975052953;0.258437107084319;0.631160672055557;0.033358222106472
sort_3;6;42000;1.225294988136739;0.014838185161352;0.213772312970832;0.258525914978236;0.632240159902722;0.033153274096549
sort_3;6;42000;1.278784119058400;0.014956369064748;0.268067487981170;0.259168354794383;0.632037959992886;0.032796761021018
sort_3;6;42000;1.278489371063188;0.014964897884056;0.267503173090518;0.258216859074309;0.631846523145214;0.033339034998789
sort_3;6;42000;1.278317330870777;0.014915737090632;0.266477696830407;0.258853737963364;0.631513485917822;0.034132152097300
sort_3;6;42000;1.277505747042596;0.015041433973238;0.266735362121835;0.258569987956434;0.631774330046028;0.033581426134333
sort_3;6;42000;1.278198756976053;0.014970130985603;0.268341497983783;0.258570216828957;0.631427098065615;0.032950205029920
sort_3;6;42000;1.278045204933733;0.014973078854382;0.268395255086944;0.258826231118292;0.631485234014690;0.032400476979092
sort_3;6;42000;1.275559688219801;0.014890973921865;0.267484270036221;0.258300121873617;0.632274856092408;0.031999839004129
sort_3;6;42000;1.277787152212113;0.015019665937871;0.268724349094555;0.259276565862820;0.632011799141765;0.031714663840830
sort_3;6;42000;1.278033979935572;0.014896207023412;0.266377099091187;0.257926516933367;0.631693452829495;0.033427838934585
sort_3;6;42000;1.275790393119678;0.014949600910768;0.264617189997807;0.259189615957439;0.631756216986105;0.032891832990572
sort_3;6;42000;1.284740353003144;0.014957707142457;0.268266413826495;0.258068847004324;0.632057802984491;0.036038962192833
sort_3;5;35000;1.302768832072616;0.017836640821770;0.348507554037496;0.318000514991581;0.519293457968161;0.031232161913067
sort_3;5;35000;1.305282610002905;0.017814594088122;0.349308654200286;0.317557950038463;0.519468999933451;0.031945385038853
sort_3;5;35000;1.306828542845324;0.017797116888687;0.348095346009359;0.317820647032931;0.519144153920934;0.033231542911381
sort_3;5;35000;1.302999659907073;0.017841424094513;0.347513467073441;0.317350270925090;0.519449011888355;0.031777841039002
sort_3;5;35000;1.306471606949344;0.017841225955635;0.348405152093619;0.318007271969691;0.519531677942723;0.032290192088112
sort_3;5;35000;1.310773995937780;0.017863363027573;0.348938449053094;0.318007203051820;0.519301125081256;0.034075866919011
sort_3;5;35000;1.343091434799135;0.017836967948824;0.347924812929705;0.317364058922976;0.558074055938050;0.032033908879384
sort_3;5;35000;1.306974674807861;0.017886032117531;0.347685202024877;0.317719877930358;0.520134548190981;0.033173125004396
sort_3;5;35000;1.306457709986717;0.017863195156679;0.349200704833493;0.317984208930284;0.519707235973328;0.032291786046699
sort_3;5;35000;1.251497378107160;0.017958593089134;0.292920791078359;0.318476418964565;0.520005126018077;0.032063115853816
sort_3;5;35000;1.252195755019784;0.017823959933594;0.293990192934871;0.317911918973550;0.520133793121204;0.032240357948467
sort_3;5;35000;1.260961622931063;0.017934726085514;0.297970005078241;0.318888063076884;0.520234101917595;0.033098988002166
sort_3;5;35000;1.258927769958973;0.017901876010001;0.294742425903678;0.319554354995489;0.520228228066117;0.033880478935316
sort_3;5;35000;1.189846426947042;0.017849314957857;0.229068160057068;0.318047089967877;0.521626259898767;0.032267571892589
sort_3;5;35000;1.254131190944463;0.017874927027151;0.295388262020424;0.318062775069848;0.519698692020029;0.032285644207150
sort_3;5;35000;1.193326476030052;0.017941019032151;0.228372490964830;0.318493966013193;0.520907989004627;0.034242280060425
sort_3;5;35000;1.258304157061502;0.017867303919047;0.294100142084062;0.318053131923079;0.521371067967266;0.032655603950843
sort_3;5;35000;1.306652531027794;0.017894099000841;0.348375953966752;0.317567253019661;0.519381409976631;0.032488469965756
sort_3;5;35000;1.303001479944214;0.017851742915809;0.348090440034866;0.317295637913048;0.520205260952935;0.031322130933404
sort_3;5;35000;1.310650957981125;0.017859408166260;0.350292927119881;0.316827206872404;0.520623047836125;0.033769553061575
sort_3;8;56000;1.443178673041984;0.011214594007470;0.272461017011665;0.185605079052038;0.857981660985388;0.036586737027392
sort_3;8;56000;1.415752599947155;0.011230794014409;0.244297328987159;0.186272838967852;0.858133789035492;0.036735423956998
sort_3;8;56000;1.413736153044738;0.011176799074747;0.245165588101372;0.186788261984475;0.858226836076938;0.035226312931627
sort_3;8;56000;1.420494359917939;0.011216783081181;0.247321464936249;0.185584514052607;0.860014903009869;0.036622575018555
sort_3;8;56000;1.459463361068629;0.011192552978173;0.266991601092741;0.206706197001040;0.861523607047275;0.036021550069563
sort_3;8;56000;1.430114843067713;0.011203852947801;0.261625087005086;0.186001827009022;0.859882166027091;0.034981764038093
sort_3;8;56000;1.453579211956821;0.011188002070412;0.287873880006373;0.186009087949060;0.858967914013192;0.033987962058745
sort_3;8;56000;1.457318692002445;0.011201447108760;0.285627345088869;0.185946196084842;0.857167285052128;0.035642227041535
sort_3;8;56000;1.452375723049045;0.011273639975116;0.286083202925511;0.186253502964973;0.856721531017683;0.035252121975645
sort_3;8;56000;1.467622730997391;0.011176074971445;0.297251066076569;0.185724121984094;0.856766824959777;0.036654334049672
sort_3;8;56000;1.410903892945498;0.011165970005095;0.244029039982706;0.186340540996753;0.857129474985413;0.035161167033948
sort_3;8;56000;1.437802648055367;0.011233343044296;0.265005839988589;0.185612750938162;0.860048621078022;0.036910101072863
sort_3;8;56000;1.414647916099057;0.011224688962102;0.243653520941734;0.185580299934372;0.859972044010647;0.035992090008222
sort_3;8;56000;1.434341687010601;0.011208520969376;0.262905412004329;0.186279566027224;0.859087864984758;0.036423953017220
sort_3;8;56000;1.454550236929208;0.011188935022801;0.275954535929486;0.194112497032620;0.859878268092871;0.036211433005519
sort_3;8;56000;1.454027730040252;0.011244546039961;0.286752962041646;0.186278098030016;0.859497041092254;0.034710346022621
sort_3;8;56000;1.454133171006106;0.011224579066038;0.285628098063171;0.185976076987572;0.857973871985450;0.036117888055742
sort_3;8;56000;1.454554307973012;0.011246063979343;0.285639396053739;0.185975585016422;0.858493948006071;0.035694004967809
sort_3;8;56000;1.450774727039970;0.011196247069165;0.286352065973915;0.185783933033235;0.856509400997311;0.034532575053163
sort_3;8;56000;1.451664600986987;0.011286079999991;0.280562833067961;0.185953155974858;0.857702636974864;0.036627313937061
sort_3;7;49000;1.463169719791040;0.012788117863238;0.368445276981220;0.217784228967503;0.745097209000960;0.037752535892650
sort_3;7;49000;1.468538953922689;0.012812240980566;0.370737585006282;0.217324927914888;0.747625950025395;0.038171926047653
sort_3;7;49000;1.539372364990413;0.012961459113285;0.355989530915394;0.218038726830855;0.798240806907415;0.048468668013811
sort_3;7;49000;1.555825894931331;0.012945699039847;0.356799606001005;0.217452861834317;0.814259749837220;0.048328517936170
sort_3;7;49000;1.487848366145045;0.012781159020960;0.368721669074148;0.217133580008522;0.774431961122900;0.036249331897125
sort_3;7;49000;1.510579498950392;0.012930218130350;0.416898898081854;0.218370227143168;0.746036025928333;0.037356331013143
sort_3;7;49000;1.519886981928721;0.012800310039893;0.372317573986948;0.216958283912390;0.802619009045884;0.036712187109515
sort_3;7;49000;1.451059862971306;0.012780511053279;0.359605605015531;0.217587858904153;0.745733069954440;0.036512617953122
sort_3;7;49000;1.480213460978121;0.012747436994687;0.385290076024830;0.217568399151787;0.746734142070636;0.037921404000372
sort_3;7;49000;1.458415369968861;0.012758729048073;0.361900990130380;0.217304376885295;0.747233058093116;0.038003210909665
sort_3;7;49000;1.502051810966805;0.012776823947206;0.413352945121005;0.217484421795234;0.745612608967349;0.035749391885474
sort_3;7;49000;1.464770703110844;0.012807011138648;0.374918529065326;0.217998440843076;0.747265791986138;0.035250012995675
sort_3;7;49000;1.472801614087075;0.012756171170622;0.378566904924810;0.218579042935744;0.748161250958219;0.036415816983208
sort_3;7;49000;1.455732509959489;0.012834978988394;0.365377760957927;0.217945811105892;0.747149485861883;0.035538851981983
sort_3;7;49000;1.462462302064523;0.012824098113924;0.369476239196956;0.217592583969235;0.746987482067198;0.036781294038519
sort_3;7;49000;1.497858488000929;0.012914689024910;0.402359453029931;0.218054000986740;0.747127768816426;0.037744750035927
sort_3;7;49000;1.496860199142247;0.012786391889676;0.400373950134963;0.217955753905699;0.748344937106594;0.036781049100682
sort_3;7;49000;1.478741202969104;0.012793211033568;0.385155678959563;0.217445584945381;0.748881214065477;0.036112682893872
sort_3;7;49000;1.473751510027796;0.012811861000955;0.367777745006606;0.217849967069924;0.762017696164548;0.035730889998376
sort_3;7;49000;1.459955405909568;0.012878279900178;0.365774706937373;0.217829974135384;0.747044347925112;0.037020738935098
sort_3;3;21000;1.360691396985203;0.029492470202968;0.323144002119079;0.567181407939643;0.345214405097067;0.038434562040493
sort_3;3;21000;1.343817707849666;0.029514309018850;0.292719960911199;0.625163709977642;0.298999813850969;0.038890931056812
sort_3;3;21000;1.595473506022245;0.029512844048440;0.293129207799211;0.707155983196571;0.384435666026548;0.124354282161221
sort_3;3;21000;2.479478945024312;0.029553740052506;0.293375305831432;1.686663786880672;0.374688634881750;0.038432362023741
sort_3;3;21000;1.351976017002016;0.029656590893865;0.282261893153191;0.570033718133345;0.327444788068533;0.084910993929952
sort_3;3;21000;1.479797926964238;0.097502731950954;0.395306000020355;0.589752896223217;0.299193537095562;0.038564337883145
sort_3;3;21000;1.302107217023149;0.029540590010583;0.302919714944437;0.567336655920371;0.306409419979900;0.038494663080201
sort_3;3;21000;1.325486066052690;0.029585412936285;0.293527149828151;0.598609376000240;0.307312737917528;0.038719573989511
sort_3;3;21000;2.095568633172661;0.029550746083260;0.553799116984010;1.011498257052153;0.403292590985075;0.038948519853875
sort_3;3;21000;1.670590743888170;0.029625773895532;0.525808291975409;0.568127271020785;0.449075535871089;0.039419631008059
sort_3;3;21000;1.501140524866059;0.029612063895911;0.282267397968099;0.730253465939313;0.299299156991765;0.038123843027279
sort_3;3;21000;1.379356991965324;0.029519728850573;0.294792531058192;0.567825427046046;0.392082715872675;0.039522728882730
sort_3;3;21000;1.661646872991696;0.029510295018554;0.324849750148132;0.737812990089878;0.373077438911423;0.039021783974022
sort_3;3;21000;1.533343801042065;0.039480884093791;0.304042013129219;0.698850466171280;0.375395643990487;0.049238274106756
sort_3;3;21000;1.811210456071422;0.029522296972573;0.320831442018971;0.808074616128579;0.558444879017770;0.038679269142449
sort_3;3;21000;1.598969829035923;0.041705764131621;0.345318742096424;0.799717654008418;0.317202423000708;0.038225623080507
sort_3;3;21000;1.367655841866508;0.029470446985215;0.308540611993521;0.574648043140769;0.356808703159913;0.039457099977881
sort_3;3;21000;1.314230476040393;0.029590066988021;0.293539081001654;0.587743376847357;0.302764805033803;0.038528473116457
sort_3;3;21000;1.309708398999646;0.049123378004879;0.296140631893650;0.567620476940647;0.299991058884189;0.038709304062650
sort_3;3;21000;1.555454049026594;0.029587246011943;0.312373745022342;0.745500248856843;0.341474112123251;0.051293324911967
sort_3;10;70000;1.579452260048129;0.021386860986240;0.198148786905222;0.143787151086144;1.084064358030446;0.036685604020022
sort_3;10;70000;1.582773971022107;0.021611928008497;0.196182570070960;0.143480443977751;1.084992101998068;0.038031872012652
sort_3;10;70000;1.581207040930167;0.020931779989041;0.198916847002693;0.143900244031101;1.083022551960312;0.037728148978204
sort_3;10;70000;1.579890012973920;0.021650918992236;0.197236720006913;0.143962714006193;1.082902394002303;0.036590133095160
sort_3;10;70000;1.581081600044854;0.021604990004562;0.198181624058634;0.143349115969613;1.083134824992158;0.037861175951548
sort_3;10;70000;1.577524737920612;0.021705341991037;0.196398006984964;0.143896366003901;1.082987520028837;0.036871833959594
sort_3;10;70000;1.575247075990774;0.021187604987063;0.199310719035566;0.143416668986902;1.083037958014756;0.036485446034931
sort_3;10;70000;1.575599446892738;0.021210580947809;0.196798183955252;0.143571692053229;1.085252962075174;0.036871928023174
sort_3;10;70000;1.575319361989386;0.020980658009648;0.197203887975775;0.143504373962060;1.084195269970223;0.036918618949130
sort_3;10;70000;1.577649582060985;0.021338982973248;0.198498073033988;0.143476907978766;1.082866073003970;0.037177611025982
sort_3;10;70000;1.565089041017927;0.008970826980658;0.196815709001385;0.143557240953669;1.083265909925103;0.037976832943968
sort_3;10;70000;1.588709975942038;0.021319494000636;0.199003439978696;0.155757021973841;1.083144819014706;0.037313622073270
sort_3;10;70000;1.578014001948759;0.021442067925818;0.197364925057627;0.143467045039870;1.084810493048280;0.036012804019265
sort_3;10;70000;1.582642367924564;0.020946482080035;0.199054116033949;0.143584767007269;1.083104363991879;0.036797921988182
sort_3;10;70000;1.582420814083889;0.013171653030440;0.196812953916378;0.143361827940680;1.084642412024550;0.037324580946006
sort_3;10;70000;1.578543897951022;0.021587872062810;0.198363385978155;0.143234831979498;1.083246817928739;0.036976121948101
sort_3;10;70000;1.576333481003530;0.021306384005584;0.196909847087227;0.143751999945380;1.082890933961608;0.035984219051898
sort_3;10;70000;1.576264910050668;0.021207122015767;0.199077739962377;0.143393371952698;1.085370510001667;0.036136506008916
sort_3;10;70000;1.580311098019592;0.021457709022798;0.196976154111326;0.143763625994325;1.083289357018657;0.037395847961307
sort_3;10;70000;1.580388015951030;0.021661028964445;0.198604478966445;0.143514657975174;1.083818257902749;0.036674091010354
sort_3;9;63000;1.592669124016538;0.010380929918028;0.246782225091010;0.163752936990932;0.970245448988862;0.062147376011126
sort_3;9;63000;1.568032147013582;0.010391197982244;0.221513704047538;0.162902230978943;0.970568365999497;0.062432328006253
sort_3;9;63000;1.576717759016901;0.010315150022507;0.233857188024558;0.163952274946496;0.972599002998322;0.060815485077910
sort_3;9;63000;1.688682358013466;0.010334914084524;0.314378901035525;0.163540064939298;0.990344107965939;0.066642397898249
sort_3;9;63000;1.574568938929588;0.010353622026742;0.234025969984941;0.163166912039742;0.972814421984367;0.059359004953876
sort_3;9;63000;1.573004347970709;0.010273511987180;0.244500931003131;0.163560576969758;0.978372709010728;0.055011095944792
sort_3;9;63000;1.561289525008760;0.010284785996191;0.252550614997745;0.162669741082937;0.980470972950570;0.048208778956905
sort_3;9;63000;1.675317656947300;0.022501526051201;0.321117705898359;0.188041594927199;0.971439613960683;0.054518929100595
sort_3;9;63000;1.646808875026181;0.022116145933978;0.324907875969075;0.162575555033982;0.971590728033334;0.048243227996863
sort_3;9;63000;1.751840324024670;0.022090746904723;0.429829434026033;0.162399134016596;0.970056088059209;0.048591782920994
sort_3;9;63000;1.587538835010491;0.022347080986947;0.219508268986829;0.162900457973592;0.976420650025830;0.061678356025368
sort_3;9;63000;1.601799010997638;0.010316431988031;0.257452412974089;0.165093804011121;0.970802649972029;0.063989196089096
sort_3;9;63000;1.584817826980725;0.010389800998382;0.232953915954567;0.163491776911542;0.979946762905456;0.060748659889214
sort_3;9;63000;1.577687101089396;0.010353464051150;0.243927565054037;0.163910154020414;0.977527435985394;0.055994379916228
sort_3;9;63000;1.552346598007716;0.010168084059842;0.252390273963101;0.162958645028993;0.969939201022498;0.048730698996224
sort_3;9;63000;1.554350922931917;0.010317851905711;0.252178594935685;0.163279581931420;0.969680157955736;0.049637975986116
sort_3;9;63000;1.648960464983247;0.022676695953123;0.334614778053947;0.163175761932507;0.968988426029682;0.040252296021208
sort_3;9;63000;1.602145466022193;0.010386856039986;0.257531948038377;0.163084073923528;0.972496571950614;0.060803340049461
sort_3;9;63000;1.698905374039896;0.022737773950212;0.320659658988006;0.208784996997565;0.969082185998559;0.063430972979404
sort_3;9;63000;1.777585473959334;0.022724474081770;0.462357324082404;0.162041596951894;0.969731413060799;0.040155141032301
sort_3;11;77000;1.831546147004701;0.020425199996680;0.240538425045088;0.205802674987353;1.197523199021816;0.050904050003737
sort_3;11;77000;1.831918515032157;0.025832568993792;0.221380313043483;0.206927348044701;1.196680253022350;0.056622799951583
sort_3;11;77000;1.810399341047741;0.025742686004378;0.212845269008540;0.206763194990344;1.197073478018865;0.049177572014742
sort_3;11;77000;1.862995464936830;0.026134790037759;0.239248562022112;0.207631393102929;1.222230477025732;0.052975988015532
sort_3;11;77000;1.974472200032324;0.026011412031949;0.278641265933402;0.206381482072175;1.236575150978751;0.050771906971931
sort_3;11;77000;1.900203405064531;0.025992933078669;0.241123775020242;0.207001210073940;1.250086289015599;0.061667534057051
sort_3;11;77000;1.844687037053518;0.025533500942402;0.244102010037750;0.201130650006235;1.196655175997876;0.051601015962660
sort_3;11;77000;1.859518254990689;0.027232386986725;0.262885086005554;0.206495280959643;1.197157636983320;0.050249677966349
sort_3;11;77000;1.876185251050629;0.025943274027668;0.236468669958413;0.188799035968259;1.248523337999359;0.052534203976393
sort_3;11;77000;1.866172262001783;0.029251320986077;0.246329437009990;0.206039087031968;1.197186750941910;0.055020944098942
sort_3;11;77000;1.803568450035527;0.026112561929040;0.215139164938591;0.190060783992521;1.198124620015733;0.058763165026903
sort_3;11;77000;1.714265175978653;0.008445091079921;0.174719262984581;0.128576165996492;1.196938939974643;0.062346579972655
sort_3;11;77000;1.717558837030083;0.008440657984465;0.175208948086947;0.128541514044628;1.199099634075537;0.061889400007203
sort_3;11;77000;1.728895528009161;0.008438652032055;0.173956017941236;0.128670488949865;1.208623156999238;0.062589177046902
sort_3;11;77000;1.848415968939662;0.025377584970556;0.238416717038490;0.195999202085659;1.183938758913428;0.061730558983982
sort_3;11;77000;1.835629908018745;0.020301559008658;0.240144192008302;0.218871647026390;1.185965448035859;0.050890602986328
sort_3;11;77000;1.852067844942212;0.025386309949681;0.237956780008972;0.205988615984097;1.202447230927646;0.052842456963845
sort_3;11;77000;1.854909852030687;0.026048067025840;0.218213769025169;0.206990206032060;1.226660668966360;0.053830844000913
sort_3;11;77000;1.864798902999610;0.025426988024265;0.205733345006593;0.206496275961399;1.239058615989052;0.056970900041051
sort_3;11;77000;1.961664976086468;0.025836581015028;0.307888220064342;0.183965499047190;1.196764891035855;0.062804379966110
sort_3;13;91000;1.831072814995423;0.007061518961564;0.153166410978884;0.105952814919874;1.422419277019799;0.039361177943647
sort_3;13;91000;1.849460680037737;0.017758361063898;0.153745101066306;0.105595149099827;1.427896993933246;0.038744118995965
sort_3;13;91000;1.823298741132021;0.006996026961133;0.149118351982906;0.105815464863554;1.423779343953356;0.039051061030477
sort_3;13;91000;1.829833446070552;0.007045140024275;0.152375797042623;0.105739949038252;1.422787379939109;0.040399010991678
sort_3;13;91000;1.830161784077063;0.006986884865910;0.149983538081869;0.105274413945153;1.425603938987479;0.040530869970098
sort_3;13;91000;1.832788578001782;0.007060416974127;0.148473512846977;0.105858255876228;1.427681790199131;0.040444023907185
sort_3;13;91000;1.822727330029011;0.006971541792154;0.148753209039569;0.105340901063755;1.425899544032291;0.038733230903745
sort_3;13;91000;1.828973631840199;0.006991142174229;0.148772985907272;0.105976166902110;1.426203174050897;0.040606549941003
sort_3;13;91000;1.821107898838818;0.006997843971476;0.149054348003119;0.105608788086101;1.424019095953554;0.038627683883533
sort_3;13;91000;1.829249259782955;0.007043045014143;0.149077282985672;0.105684256879613;1.425344120943919;0.041146680014208
sort_3;13;91000;1.835394047899172;0.006986538181081;0.155125082004815;0.107088454999030;1.426161112030968;0.040544910123572
sort_3;13;91000;1.831432678969577;0.007026673993096;0.149127387208864;0.106096961069852;1.426487047923729;0.040807846933603
sort_3;13;91000;1.823135779006407;0.007009132066742;0.149148502154276;0.105650902027264;1.419495917856693;0.040944770909846
sort_3;13;91000;1.832156735006720;0.007014645030722;0.149613532004878;0.105786797823384;1.425906582036987;0.041679342975840
sort_3;13;91000;1.831161194015294;0.007040336960927;0.153250053990632;0.105674857972190;1.423631257144734;0.040801104158163
sort_3;13;91000;1.847169403918087;0.007016211980954;0.155705408891663;0.106097102165222;1.437366661848500;0.040992832975462
sort_3;13;91000;1.827639438910410;0.007090098923072;0.149754605023190;0.105856111040339;1.424585210159421;0.040269809076563
sort_3;13;91000;1.837997278897092;0.006995443953201;0.155099248979241;0.106233293889090;1.430629411013797;0.040224543074146
sort_3;13;91000;1.827708704862744;0.007015489973128;0.149166694143787;0.105948796030134;1.423600060865283;0.040434563998133
sort_3;13;91000;1.824256514897570;0.007029980886728;0.147011673077941;0.105646819109097;1.425850020023063;0.039848834974691
sort_3;12;84000;1.798771274043247;0.007761667948216;0.181956033920869;0.115836411947384;1.309188987826928;0.053567241877317
sort_3;12;84000;2.005717197898775;0.027846636949107;0.287082878872752;0.116272978950292;1.310366649879143;0.058570601046085
sort_3;12;84000;1.820193951018155;0.007753877900541;0.188552617095411;0.116286455886438;1.312282711965963;0.056849519954994
sort_3;12;84000;1.826692183036357;0.007845909101889;0.201919815968722;0.116051655029878;1.309695403091609;0.055979561060667
sort_3;12;84000;1.870943353977054;0.018944150069728;0.209629325196147;0.116514107910916;1.311206896090880;0.058323330944404
sort_3;12;84000;1.823926815064624;0.007484778994694;0.211693263147026;0.115981676848605;1.309923331951723;0.047047993866727
sort_3;12;84000;1.836886058095843;0.018913326086476;0.183150164783001;0.115882786922157;1.311267405049875;0.058436444029212
sort_3;12;84000;1.820635406067595;0.007856359006837;0.176248884992674;0.116105169989169;1.310077871195972;0.061451352899894
sort_3;12;84000;1.817932826001197;0.007769209099934;0.177740942919627;0.116099184146151;1.309840636095032;0.059857669984922
sort_3;12;84000;1.821210906142369;0.007708925986663;0.176927749998868;0.116429507965222;1.309498559916392;0.059797893045470
sort_3;12;84000;1.842520639998838;0.019110664026812;0.183224895969033;0.116297146072611;1.314902510028332;0.060220473911613
sort_3;12;84000;1.841731138993055;0.007833303185180;0.195489497855306;0.116237196838483;1.313743056030944;0.059369819005951
sort_3;12;84000;1.822693257825449;0.007779834093526;0.197013697121292;0.116027943091467;1.311546429060400;0.053605570923537
sort_3;12;84000;1.822002429980785;0.007920966017991;0.202455858001485;0.115976440021768;1.309521340997890;0.053870702162385
sort_3;12;84000;1.822335120989010;0.007859907811508;0.191479029832408;0.115952003980055;1.309622284024954;0.057816874003038
sort_3;12;84000;1.821664905874059;0.007810179144144;0.207324791001156;0.116098363185301;1.314354981062934;0.049027118133381
sort_3;12;84000;1.831715201959014;0.007923112949356;0.211876436136663;0.116105610970408;1.310309154912829;0.054029345978051
sort_3;12;84000;1.813327931100503;0.007957760011777;0.234330506995320;0.116235194029287;1.313373881159350;0.041145193856210
sort_3;12;84000;1.809881848981604;0.007802387932315;0.200751859927550;0.116255219094455;1.312321130884811;0.050868901889771
sort_3;12;84000;1.827446920098737;0.007759934989735;0.223674195120111;0.116039508022368;1.310671059880406;0.051272062119097
sort_3;15;105000;2.067121340893209;0.006084738997743;0.151908481027931;0.102290249895304;1.649628039915115;0.041071569081396
sort_3;15;105000;2.043099272996187;0.006090037990361;0.143686823081225;0.088984902016819;1.651786939008161;0.041077309986576
sort_3;15;105000;2.041664790827781;0.006083413027227;0.143400740809739;0.089229297824204;1.650341502157971;0.040719991084188
sort_3;15;105000;2.040239778114483;0.006076124031097;0.143340046983212;0.089107085019350;1.650066763162613;0.040542779024690
sort_3;15;105000;2.052700771950185;0.006080075167120;0.143432516139001;0.096501891966909;1.651014824165031;0.041661069029942
sort_3;15;105000;2.045491089113057;0.006072417832911;0.143412312027067;0.089203317184001;1.650189246051013;0.041990985861048
sort_3;15;105000;2.041692366125062;0.006103161955252;0.143590584164485;0.089419977040961;1.650295587023720;0.040374676929787
sort_3;15;105000;2.045771498000249;0.006100673926994;0.143405713839456;0.089469349943101;1.650551621802151;0.041623852914199
sort_3;15;105000;2.048162230988964;0.006101661128923;0.143342336872593;0.089113644091412;1.650721298996359;0.042549096979201
sort_3;15;105000;2.044556905981153;0.006109386915341;0.141325862146914;0.089094144059345;1.650559999048710;0.041874082991853
sort_3;15;105000;2.040038087870926;0.006075317040086;0.143177470890805;0.088925883872434;1.650063271867111;0.040673231938854
sort_3;15;105000;2.039990928024054;0.006085760891438;0.143462294945493;0.089256446110085;1.650290644960478;0.040293920086697
sort_3;15;105000;2.044463319005445;0.006085155997425;0.143326280871406;0.089192190906033;1.649620183976367;0.041835041949525
sort_3;15;105000;2.052832829998806;0.006109731970355;0.143343136180192;0.092837220989168;1.652812045998871;0.041157613974065
sort_3;15;105000;2.046491048997268;0.006083904067054;0.143371699843556;0.089372324990109;1.652222540928051;0.041977619053796
sort_3;15;105000;2.043691324070096;0.006095186807215;0.143241445999593;0.089228630997241;1.652326390147209;0.040487359976396
sort_3;15;105000;2.045557315926999;0.006082815816626;0.143508494133130;0.089335418073460;1.652483022771776;0.041200557025149
sort_3;15;105000;2.045854549156502;0.006089667091146;0.143304695840925;0.089244314003736;1.652770705055445;0.041084783151746
sort_3;15;105000;2.050439403159544;0.006077533820644;0.143574382876977;0.089326242916286;1.652831089915708;0.042265840806067
sort_3;15;105000;2.045573334908113;0.006123709958047;0.143433557124808;0.089948270004243;1.652317473897710;0.041089325211942
sort_3;2;14000;1.728426051093265;0.044225769117475;0.480214122915640;0.917282079113647;0.194383323192596;0.051439486909658
sort_3;2;14000;1.782997262896970;0.044277616078034;0.498386942083016;0.954751448007300;0.194069297052920;0.050782200880349
sort_3;2;14000;2.578221736941487;0.184911960968748;0.544681481085718;1.559783866861835;0.194227185100317;0.051315546967089
sort_3;2;14000;1.902821017894894;0.044240691931918;0.619926006067544;0.920688322978094;0.222591327968985;0.051381828961894
sort_3;2;14000;1.841945879161358;0.112292243167758;0.538919043960050;0.895573857938871;0.204111655941233;0.051199731882662
sort_3;2;14000;1.684058961924165;0.044203975936398;0.440895988838747;0.879205900011584;0.224729340057820;0.051130397012457
sort_3;2;14000;2.350388420978561;0.044254044070840;0.448502362007275;1.306085349060595;0.460312044946477;0.050972806988284
sort_3;2;14000;2.441147480858490;0.075559540884569;0.822830004151911;1.252893822034821;0.194310588994995;0.051767527125776
sort_3;2;14000;1.879635293036699;0.108459200011566;0.452452399069443;1.030645811930299;0.194993259850889;0.051406895043328
sort_3;2;14000;2.015145072946325;0.044290442951024;0.441025366075337;1.125890034018084;0.312037821160629;0.051121305907145
sort_3;2;14000;1.919943270040676;0.044255685992539;0.568393520079553;1.009256007848307;0.194385220995173;0.051119507988915
sort_3;2;14000;2.234147152863443;0.045741293812171;0.495558155933395;1.203247324097902;0.373461107024923;0.055003536166623
sort_3;2;14000;2.002578540006652;0.056533926166594;0.581323699094355;1.063353277044371;0.206127831013873;0.051168404053897
sort_3;2;14000;1.747485172934830;0.044313532998785;0.455504931975156;0.933387074852362;0.213697572005913;0.057876848150045
sort_3;2;14000;1.668550167931244;0.044251692015678;0.444370904006064;0.892115524038672;0.194501639110968;0.051070721819997
sort_3;2;14000;1.919804224977270;0.044356222962961;0.475163809955120;1.101453963899985;0.208996271016076;0.051057490985841
sort_3;2;14000;2.073309091152623;0.058139973087236;0.527635873993859;1.177216482115909;0.194999946979806;0.051312663825229
sort_3;2;14000;2.301837858976796;0.044308020966128;0.627219423884526;1.109449252951890;0.332874360028654;0.093409232795238
sort_3;2;14000;3.242684790166095;0.077977561857551;0.898164483951405;1.961573366075754;0.194249081891030;0.051804176066071
sort_3;2;14000;3.218708926113322;0.044273157138377;1.174846075940877;1.397870464948937;0.238135867053643;0.298566818004474
sort_3;14;98000;2.005189569899812;0.016695939004421;0.170762609923258;0.096750163938850;1.533509326167405;0.047389814164490
sort_3;14;98000;1.941177790053189;0.006499754963443;0.152948205126449;0.097981622908264;1.537173002026975;0.041338272159919
sort_3;14;98000;1.968984350794926;0.016836521215737;0.152647928800434;0.097080750856549;1.534778331872076;0.050465190783143
sort_3;14;98000;2.022021783981472;0.016730691073462;0.206939802039415;0.096882930956781;1.538120643002912;0.047240691957995
sort_3;14;98000;2.062363563105464;0.017100136959925;0.182923528831452;0.114253521896899;1.535431344993412;0.059641025960445
sort_3;14;98000;1.992660237941891;0.016786507098004;0.146286339964718;0.096961420029402;1.536705009872094;0.050478348042816
sort_3;14;98000;2.000158011913300;0.016797625925392;0.146401386009529;0.097200718009844;1.537470464827493;0.052364106988534
sort_3;14;98000;1.994766138959676;0.016708984039724;0.160208170069382;0.096950944047421;1.536386867985129;0.047773609869182
sort_3;14;98000;1.992116823093966;0.016746545908973;0.153402497060597;0.097477608127519;1.540555654093623;0.047792267985642
sort_3;14;98000;1.986590120941401;0.016784220002592;0.156962211010978;0.097143616061658;1.536632268922403;0.048211228102446
sort_3;14;98000;1.963102153036743;0.016858042916283;0.154671331169084;0.097396343946457;1.538328613853082;0.040484983939677
sort_3;14;98000;1.978474850999191;0.016802135854959;0.155362236080691;0.099790754960850;1.532662980956957;0.057535124942660
sort_3;14;98000;2.068663649959490;0.017138354945928;0.193288342794403;0.112772747874260;1.540002332068980;0.051424171077088
sort_3;14;98000;2.006766443839297;0.007431181147695;0.169724627165124;0.109527837019414;1.536256938939914;0.066591100068763
sort_3;14;98000;2.052854947978631;0.016714910976589;0.158350047888234;0.125587449176237;1.563485822873190;0.063009205041453
sort_3;14;98000;2.641931327991188;0.017244125017896;0.145384347997606;0.097237627021968;2.169081768020988;0.052789469948038
sort_3;14;98000;2.456048383843154;0.017076178919524;0.172397876158357;0.102927366970107;1.960387181024998;0.050301423994824
sort_3;14;98000;2.615831461967900;0.006676875054836;0.343789731152356;0.096921405056491;1.976853106869385;0.052100120112300
sort_3;14;98000;2.343025648035109;0.015652826987207;0.147213543066755;0.120089445030317;1.611061294097453;0.052325448952615
sort_3;14;98000;2.587255458813161;0.006938295206055;0.195104534970596;0.109379688045010;2.064950203057379;0.062366801779717
sort_3;1;7000;3.151843981002457;0.088387309107929;0.874103209003806;1.980855670059100;0.106014722026885;0.090803907020018
sort_3;1;7000;3.160048370948061;0.088212999980897;0.875559382955544;1.985740286065266;0.106190437916666;0.092455649981275
sort_3;1;7000;3.133404497988522;0.088655656087212;0.843072849093005;1.991388267953880;0.106331857037731;0.092123392969370
sort_3;1;7000;3.134638019953854;0.088653251994401;0.844389330013655;1.991347030969337;0.106219001929276;0.092124821967445
sort_3;1;7000;3.163713351008482;0.088088558986783;0.884498420055024;1.982609829981811;0.105976523016579;0.090882260934450
sort_3;1;7000;3.161516378982924;0.088572946959175;0.876610673032701;1.987256275955588;0.106519330991432;0.090905081015080
sort_3;1;7000;3.149948788923211;0.088160612038337;0.870804785052314;1.980822212062776;0.105988956987858;0.092248762957752
sort_3;1;7000;3.132225411012769;0.088247739011422;0.849561959970742;1.986342141986825;0.106064290041104;0.090457777027041
sort_3;1;7000;3.182555577019230;0.088140008039773;0.903195059974678;1.980610906961374;0.106256159953773;0.092403993941844
sort_3;1;7000;3.174451356986538;0.088080849964172;0.891819844953716;1.986149636097252;0.106077354983427;0.090687257936224
sort_3;1;7000;3.143015904002823;0.088246593950316;0.860097144031897;1.984642444062047;0.105843006982468;0.092341888928786
sort_3;1;7000;3.162886788020842;0.088130426011048;0.884758269996382;1.981529318960384;0.105975821963511;0.090876769041643
sort_3;1;7000;3.146464781020768;0.088104218011722;0.868517388007604;1.979608876048587;0.105996537022293;0.092316427966580
sort_3;1;7000;3.125446024001576;0.088136242004111;0.847984152031131;1.981032636947930;0.106133947963826;0.090559390024282
sort_3;1;7000;3.178895574063063;0.088187001994811;0.897212911047973;1.983192611951381;0.106131239910610;0.092269986984320
sort_3;1;7000;3.194808923057280;0.088320460054092;0.914825672982261;1.981836280901916;0.106236176099628;0.091605365043506
sort_3;1;7000;3.157700037001632;0.088341578026302;0.876213003997691;1.982971847057343;0.106061912956648;0.092224179999903
sort_3;1;7000;3.129720040014945;0.088352591032162;0.849181669065729;1.983766415971331;0.106104564969428;0.090712101082318
sort_3;1;7000;3.132907339953817;0.088127396069467;0.846818562014960;1.988231783965603;0.105943255941384;0.092004540027119
sort_3;1;7000;3.149443555041216;0.088306449004449;0.864311642013490;1.988646317040548;0.106073671020567;0.090506927925162
sort_3;16;112000;7.643784360960126;0.025715884985402;0.751549761043862;0.437748215161264;5.361876090988517;0.434699291130528
sort_3;16;112000;2.686771350912750;0.032147123944014;0.486681608017534;0.083155139815062;1.760599969886243;0.057315959129483
sort_3;16;112000;5.184383851010352;0.032352914800867;0.512971951160580;0.344999943859875;3.826008682139218;0.193473177030683
sort_3;16;112000;5.215608432190493;0.032890710979700;0.498012749012560;0.330029294826090;3.878800991922617;0.186983966967091
sort_3;16;112000;5.348491131095216;0.029121873900294;0.488655627006665;0.358485190896317;4.025869075208902;0.143855736823753
sort_3;16;112000;4.766155468998477;0.032129918923602;0.522262071957812;0.346332218032330;3.388787458883598;0.189009560970590
sort_3;16;112000;4.890996201196685;0.029158080928028;0.514980226987973;0.384319111937657;3.525392596842721;0.160189816029742
sort_3;16;112000;4.827841785037890;0.029194748029113;0.482248715125024;0.356998936040327;3.445326573913917;0.195748717989773
sort_3;16;112000;2.295293168863282;0.030634362949058;0.158759690821171;0.082517605042085;1.766098740976304;0.061068447073922
sort_3;16;112000;2.745792366098613;0.029221726814285;0.465363112045452;0.129819294903427;1.762517353054136;0.075061585986987
sort_3;16;112000;2.526577355107293;0.032184322830290;0.300045327050611;0.082635781029239;1.765739814843982;0.061065873131156
sort_3;16;112000;2.592752814991400;0.033058058936149;0.371472759870812;0.082641753833741;1.767344192834571;0.058291065040976
sort_3;16;112000;5.896523309871554;0.029172004899010;0.520860940217972;0.348661939147860;4.559663859894499;0.171617726096883
sort_3;16;112000;3.919176314957440;0.049004185013473;0.264646676136181;0.143053848063573;3.103634294122458;0.096852445974946
sort_3;16;112000;8.666406453819945;0.092801835155115;0.300096746068448;0.467280857963488;6.116106936940923;0.154547146055847
sort_3;16;112000;2.827644833829254;0.029187861131504;0.457603612914681;0.082415720913559;1.890664933016524;0.068395031848922
sort_3;16;112000;5.184519510949031;0.032594379037619;0.504724157974124;0.365333534078673;3.804650522070006;0.175936017883942
sort_3;16;112000;5.022702334914356;0.029137895908207;0.525473702931777;0.322001071879640;3.669380605919287;0.209634799975902
sort_3;16;112000;4.903795128921047;0.029136667028069;0.505763361928985;0.349999686935917;3.545486098155379;0.177233885973692
sort_3;16;112000;3.810614618007094;0.033023834927008;0.510796074988320;0.348514223005623;2.471161540132016;0.176073860842735
sort_4;6;42000;1.167840044945478;0.014874250162393;0.261048173997551;0.259505428839475;0.632236524950713
sort_4;6;42000;1.169167239917442;0.014902184018865;0.261667835060507;0.260040689958259;0.632018192205578
sort_4;6;42000;1.168160309083760;0.014949900098145;0.261627027997747;0.259268851019442;0.632151330821216
sort_4;6;42000;1.167561097070575;0.014910689089447;0.260825115954503;0.259259838145226;0.632411688100547
sort_4;6;42000;1.169737429823726;0.014948480064049;0.262622428825125;0.259820332983509;0.632187721086666
sort_4;6;42000;1.172224686015397;0.014842292992398;0.265724611002952;0.259284019004554;0.632207469083369
sort_4;6;42000;1.172911713831127;0.014905321877450;0.264798735035583;0.260563045041636;0.632473309058696
sort_4;6;42000;1.171896847896278;0.014947550138459;0.264160566963255;0.260449346853420;0.632175586884841
sort_4;6;42000;1.173299832036719;0.014879649970680;0.266079181106761;0.259852791903540;0.632327617146075
sort_4;6;42000;1.172937165945768;0.014859379967675;0.265670910011977;0.260038478998467;0.632217309903353
sort_4;6;42000;1.171749506844208;0.014896400040016;0.265417512971908;0.259296578122303;0.631977505050600
sort_4;6;42000;1.168452776968479;0.014898804947734;0.261399250943214;0.259688612073660;0.632307747146115
sort_4;6;42000;1.163257451029494;0.014860193943605;0.256455399096012;0.259728685952723;0.632049571024254
sort_4;6;42000;1.172864410094917;0.014908763114363;0.265779200010002;0.260014785919338;0.632008529966697
sort_4;6;42000;1.170726289972663;0.014935950981453;0.263574685202911;0.259753216989338;0.632305061910301
sort_4;6;42000;1.166714804945514;0.014882316812873;0.260168859036639;0.259577136952430;0.631924348184839
sort_4;6;42000;1.166247247951105;0.014913449063897;0.259412535000592;0.259824083885178;0.631941288011149
sort_4;6;42000;1.166578778997064;0.014942492824048;0.259964828845114;0.259616771014407;0.631893638987094
sort_4;6;42000;1.168061756994575;0.014947094954550;0.261210724944249;0.259602479869500;0.632145385025069
sort_4;6;42000;1.167822448071092;0.014935738174245;0.260836540954188;0.259953988017514;0.631931881885976
sort_4;8;56000;1.247564043966122;0.011171804973856;0.192562121083029;0.186293478007428;0.857322672032751
sort_4;8;56000;1.247890343074687;0.011187001015060;0.192733556032181;0.186298515996896;0.857468321104534
sort_4;8;56000;1.247410893091001;0.011178452987224;0.192433946067467;0.186579788918607;0.857016777037643
sort_4;8;56000;1.248394326074049;0.011210461962037;0.192933034966700;0.186657480895519;0.857384103001095
sort_4;8;56000;1.249010016908869;0.011188856093213;0.192985182977282;0.187083970988169;0.857547577936202
sort_4;8;56000;1.249465534929186;0.011223459965549;0.193388369050808;0.186544922995381;0.858098748954944
sort_4;8;56000;1.247732223011553;0.011196607025340;0.193159288959578;0.186222224961966;0.856955298106186
sort_4;8;56000;1.266773165087216;0.011189793003723;0.192151313996874;0.206119769020006;0.857108416967094
sort_4;8;56000;1.248303506989032;0.011169260018505;0.192658487008885;0.186655362020247;0.857610597042367
sort_4;8;56000;1.249551202985458;0.011196088977158;0.193803508998826;0.186744455015287;0.857617836911231
sort_4;8;56000;1.250926250009798;0.011204648064449;0.193753554951400;0.186806452926248;0.858967029023916
sort_4;8;56000;1.249386310926639;0.011185833020136;0.193762638955377;0.186833085026592;0.857407910982147
sort_4;8;56000;1.247667712974362;0.011153623927385;0.192998355953023;0.186662400956266;0.856654395000078
sort_4;8;56000;1.250709168962203;0.011182384099811;0.194432427990250;0.186788448016159;0.858092047972605
sort_4;8;56000;1.250509866047651;0.011130474042147;0.193528117029928;0.187667380087078;0.857969937031157
sort_4;8;56000;1.248350320034660;0.011230326024815;0.192937123007141;0.185974641935900;0.857995809987187
sort_4;8;56000;1.247431745985523;0.011170030105859;0.192744364030659;0.186131448950619;0.857195877935737
sort_4;8;56000;1.248711614985950;0.011221625958569;0.193191434955224;0.186440668068826;0.857656065025367
sort_4;8;56000;1.249875742010772;0.011172186001204;0.193939161021262;0.186490784981288;0.858067577006295
sort_4;8;56000;1.248182825976983;0.011200987966731;0.193038669996895;0.186294820043258;0.857447643997148
sort_4;7;49000;1.195727484999225;0.012856520945206;0.218980426900089;0.218701637117192;0.744994724169374
sort_4;7;49000;1.196270989952609;0.012827491154894;0.219975154846907;0.218185724923387;0.745069983880967
sort_4;7;49000;1.410221409052610;0.013215659884736;0.422060544136912;0.220158176030964;0.754582030000165
sort_4;7;49000;1.195999038871378;0.012797049013898;0.219201290048659;0.218767818994820;0.745042045135051
sort_4;7;49000;1.334791800007224;0.013080820906907;0.354573647025973;0.218882998917252;0.748055391013622
sort_4;7;49000;1.396280260058120;0.013169931015000;0.409437566064298;0.219636340159923;0.753837486030534
sort_4;7;49000;1.417490420863032;0.013191139092669;0.439517168095335;0.218968788860366;0.745595086831599
sort_4;7;49000;1.194200359052047;0.012762116966769;0.217808119021356;0.218626480782405;0.744810720905662
sort_4;7;49000;1.382765784161165;0.013192468089983;0.403500413987786;0.219428054988384;0.746452208841220
sort_4;7;49000;1.196465975837782;0.012828903971240;0.219912128057331;0.218486876925454;0.745046059135348
sort_4;7;49000;1.196415991988033;0.012799623887986;0.220151989022270;0.218087241053581;0.745184252969921
sort_4;7;49000;1.389534808928147;0.013053040951490;0.408824659185484;0.219394847983494;0.748070196015760
sort_4;7;49000;1.381693870993331;0.013110958971083;0.399654845008627;0.218992426991463;0.749740435974672
sort_4;7;49000;1.326767357066274;0.013114750152454;0.349859690060839;0.218496490037069;0.745081666857004
sort_4;7;49000;1.193771454039961;0.012844727840275;0.216443812940270;0.218679653946310;0.745611059945077
sort_4;7;49000;1.193401335971430;0.012765544932336;0.217601548880339;0.218243462964892;0.744604110019282
sort_4;7;49000;1.373455746099353;0.013131925836205;0.392029169015586;0.218593932921067;0.749475487973541
sort_4;7;49000;1.194578950991854;0.012770530069247;0.217616748996079;0.218317882157862;0.745683681918308
sort_4;7;49000;1.192629629978910;0.012765748891979;0.216490198159590;0.218043657019734;0.745141359977424
sort_4;7;49000;1.193351619178429;0.012772974092513;0.217058272100985;0.218207642901689;0.745113236829638
sort_4;9;63000;1.328918235958554;0.009909359971061;0.187534638098441;0.162124326918274;0.969121419009753
sort_4;9;63000;1.342820162069984;0.009933758992702;0.190126683912240;0.162266336963512;0.972411511931568
sort_4;9;63000;1.329777262988500;0.009968735976145;0.187204740941525;0.162865669000894;0.969509162940085
sort_4;9;63000;1.341084960033186;0.009999461006373;0.190103239961900;0.162235053954646;0.970661895931698
sort_4;9;63000;1.329695257009007;0.009969069040380;0.187467030948028;0.163246541982517;0.968785085016862
sort_4;9;63000;1.340162258013152;0.009940903051756;0.189891283051111;0.162719939020462;0.969513619085774
sort_4;9;63000;1.329191992990673;0.009950589970686;0.186805355013348;0.162796222954057;0.969408306991681
sort_4;9;63000;1.344092866987921;0.009997131885029;0.190320719964802;0.162701460998505;0.972992812981829
sort_4;9;63000;1.329467240022495;0.009976767003536;0.187556243035942;0.162247361033224;0.969457881990820
sort_4;9;63000;1.340782723971643;0.009978667949326;0.189269723021425;0.162638982990757;0.970816149958409
sort_4;9;63000;1.330106173059903;0.010185586987063;0.187546069035307;0.162078973022290;0.970078790909611
sort_4;9;63000;1.343519201967865;0.009962736978196;0.189377756090835;0.162711340002716;0.973379943054169
sort_4;9;63000;1.344364444958046;0.009956948924810;0.186948774033226;0.177077349973843;0.970150033012033
sort_4;9;63000;1.338112471974455;0.009955790010281;0.185268948087469;0.162234278977849;0.972573410021141
sort_4;9;63000;1.329334157984704;0.009962662006728;0.187307832064107;0.162907244986854;0.968920644954778
sort_4;9;63000;1.376080836053006;0.022235304000787;0.214300264022313;0.162658645072952;0.968777484027669
sort_4;9;63000;1.329249011003412;0.009975681081414;0.186342970933765;0.162639447953552;0.970062901033089
sort_4;9;63000;1.345921689993702;0.010009508929215;0.192159918020479;0.162630496895872;0.973021122976206
sort_4;9;63000;1.329427056014538;0.009963160962798;0.186753518995829;0.162740013911389;0.969740314991213
sort_4;9;63000;1.339516194071621;0.009974869084544;0.189034153940156;0.162566967075691;0.969840186065994
sort_4;5;35000;1.148111324990168;0.017844337038696;0.289318786002696;0.320347054861486;0.520459182094783
sort_4;5;35000;1.169484446989372;0.017855051904917;0.307946725981310;0.322795085841790;0.520743989851326
sort_4;5;35000;1.577854173025116;0.017843839945272;0.302330303937197;0.495845966041088;0.761697398964316
sort_4;5;35000;1.961658193031326;0.017880778992549;0.473221994005144;0.530226905830204;0.940183110069484
sort_4;5;35000;2.144143139012158;0.029523996869102;0.414182681124657;0.611989164957777;1.087944617960602
sort_4;5;35000;1.344234199030325;0.046571093145758;0.455931843025610;0.321030277991667;0.520562232006341
sort_4;5;35000;1.147850039182231;0.017791827907786;0.287978115957230;0.321395307779312;0.520549459848553
sort_4;5;35000;1.151823572814465;0.017820216016844;0.292019937187433;0.321091984864324;0.520745506044477
sort_4;5;35000;1.151014747098088;0.017767308047041;0.291298038791865;0.321056763874367;0.520747548900545
sort_4;5;35000;1.148025401867926;0.017836365848780;0.288703761994839;0.320741293020546;0.520596480928361
sort_4;5;35000;1.150948582217097;0.017808037111536;0.290619853185490;0.321720730047673;0.520646037999541
sort_4;5;35000;1.175995385972783;0.017818277003244;0.316193903796375;0.321158695966005;0.520672825165093
sort_4;5;35000;1.170060983859003;0.017787018092349;0.289138537133113;0.321383442031220;0.541591179091483
sort_4;5;35000;1.155181197915226;0.017795535037294;0.294937693979591;0.321571300039068;0.520724320085719
sort_4;5;35000;1.149485965957865;0.017792074941099;0.290116833057255;0.320832185912877;0.520579366944730
sort_4;5;35000;1.148835164029151;0.017789396923035;0.289298435905948;0.321179157122970;0.520426244009286
sort_4;5;35000;1.177768713096157;0.017849188996479;0.310957605019212;0.327462465967983;0.521343608153984
sort_4;5;35000;1.169304697075859;0.017926589818671;0.310192218981683;0.320556967053562;0.520485278917477
sort_4;5;35000;1.161827347008511;0.017810547957197;0.302136020036414;0.320802913978696;0.520932401996106
sort_4;5;35000;1.149054790148512;0.017743019852787;0.288560637971386;0.321405529044569;0.521200117887929
sort_4;3;21000;1.669087118003517;0.036372588016093;0.491059547057375;0.794134747935459;0.347429257817566
sort_4;3;21000;1.446278422139585;0.082430501934141;0.463712885975838;0.578407125081867;0.321622723946348
sort_4;3;21000;1.591257130028680;0.032935755094513;0.576703629922122;0.606421094853431;0.375102808931842
sort_4;3;21000;1.447483496973291;0.029549429193139;0.454967191210017;0.640991695923731;0.321888619102538
sort_4;3;21000;1.378867204068229;0.063170511974022;0.443206626921892;0.570741544943303;0.301629258785397
sort_4;3;21000;1.399278649827465;0.029458030825481;0.464800835819915;0.572661258978769;0.332287817960605
sort_4;3;21000;1.442528537940234;0.029556761030108;0.507604903075844;0.602763803908601;0.302517721895128
sort_4;3;21000;1.349851654144004;0.029583733063191;0.445535507053137;0.573129359865561;0.301505679031834
sort_4;3;21000;1.352749712998047;0.029581875074655;0.444763289997354;0.577196347992867;0.301114994799718
sort_4;3;21000;1.347774090012535;0.029492232017219;0.445008501876146;0.572012929012999;0.301172496052459
sort_4;3;21000;1.361179199069738;0.029553164960817;0.460232493001968;0.570274602156132;0.301028653979301
sort_4;3;21000;1.351996467914432;0.030476265121251;0.448251995956525;0.571986432885751;0.301192338112742
sort_4;3;21000;1.354626111919060;0.029579485068098;0.444740149891004;0.572359887883067;0.307847454911098
sort_4;3;21000;1.368146160850301;0.029551026877016;0.442763911094517;0.594573024893180;0.301168546080589
sort_4;3;21000;1.392464020056650;0.029517065035179;0.456549213966355;0.601388860028237;0.304910221835598
sort_4;3;21000;1.376330509083346;0.029538543894887;0.454612303990871;0.590938366949558;0.301141518168151
sort_4;3;21000;1.356354668969288;0.029456272954121;0.453724703984335;0.571612491039559;0.301476084161550
sort_4;3;21000;1.368495736969635;0.031076717888936;0.459981106920168;0.575810675043613;0.301524084992707
sort_4;3;21000;1.353085754904896;0.029487546999007;0.448350106133148;0.573483444983140;0.301677679875866
sort_4;3;21000;1.358563603134826;0.029467099811882;0.444297899026424;0.583533018827438;0.301182725001127
sort_4;4;28000;1.203716471092775;0.022202413063496;0.355122558074072;0.414431467885152;0.411817148094997
sort_4;4;28000;1.579245797824115;0.022809357149526;0.729162412928417;0.415469243889675;0.411655581090599
sort_4;4;28000;2.617976196808740;0.042026805924252;1.000758390873671;0.850258934078738;0.724808119004592
sort_4;4;28000;2.027877173153684;0.043065577046946;0.562979519134387;0.678142059128731;0.743569883983582
sort_4;4;28000;1.851000254042447;0.040628244169056;0.725874466123059;0.674091231077909;0.410280464915559
sort_4;4;28000;1.202179852873087;0.022226189030334;0.355103345122188;0.413958518998697;0.410777267068624
sort_4;4;28000;1.204252001130953;0.022244082996622;0.355872597079724;0.415424917126074;0.410586524056271
sort_4;4;28000;1.202929188031703;0.022283727070317;0.353688627947122;0.415454365080222;0.411388854030520
sort_4;4;28000;1.199723785975948;0.022296597016975;0.354092661058530;0.413116442970932;0.410099974134937
sort_4;4;28000;1.200819637859240;0.022180560976267;0.354663079837337;0.413450044114143;0.410406219074503
sort_4;4;28000;1.230914422078058;0.022218196187168;0.357454254990444;0.440634275088087;0.410482106963173
sort_4;4;28000;1.202885393053293;0.022208607988432;0.355065568815917;0.414813810959458;0.410668860888109
sort_4;4;28000;1.202445218106732;0.022320657037199;0.355394663056359;0.414022530196235;0.410547272069380
sort_4;4;28000;1.203013437101617;0.022174632176757;0.355290289036930;0.414522097911686;0.410881635965779
sort_4;4;28000;1.200618152040988;0.022204861044884;0.354244708083570;0.413438717834651;0.410593227017671
sort_4;4;28000;1.476402258966118;0.022644968004897;0.628255314892158;0.415350925875828;0.410032914951444
sort_4;4;28000;1.478047197917476;0.022440861910582;0.629273326834664;0.414704135153443;0.411483001895249
sort_4;4;28000;1.203114914009348;0.022227976005524;0.355414516059682;0.414594816975296;0.410757883917540
sort_4;4;28000;1.216596937039867;0.022220626939088;0.366838783957064;0.414338170085102;0.413067779038101
sort_4;4;28000;1.481930805137381;0.022373632993549;0.633679006015882;0.414627766935155;0.411113981157541
sort_4;10;70000;1.552883360069245;0.032001727027819;0.238439072039910;0.180976392002776;1.082329973927699
sort_4;10;70000;1.508951899013482;0.012747171916999;0.248479254078120;0.144741893978789;1.081764489063062
sort_4;10;70000;1.584826685022563;0.018110964098014;0.263760835048743;0.202456052997150;1.083503257948905
sort_4;10;70000;1.520327485981397;0.021832616999745;0.239929822972044;0.156050126999617;1.085851327050477
sort_4;10;70000;1.559434877010062;0.022525651962496;0.257086956989951;0.181223028106615;1.082277468987741
sort_4;10;70000;1.546738852048293;0.018830045009963;0.264845979982056;0.156626879936084;1.085973365930840
sort_4;10;70000;1.586230081040412;0.021875721053220;0.250793630955741;0.212943241000175;1.083935833070427
sort_4;10;70000;1.497236737981439;0.008907192037441;0.240906758932397;0.144600436906330;1.086226644925773
sort_4;10;70000;1.450558851007372;0.019925344968215;0.181756771053188;0.144244994968176;1.084235379006714
sort_4;10;70000;1.443651222041808;0.019798439927399;0.174709435901605;0.144622417050414;1.083877556025982
sort_4;10;70000;1.514036479056813;0.021863691043109;0.236947705969214;0.156492431997322;1.081766654970124
sort_4;10;70000;1.554517471930012;0.021880005020648;0.264367758063599;0.169048903044313;1.082377852988429
sort_4;10;70000;1.578989323927090;0.021866097929887;0.287517627002671;0.168602932943031;1.084094443009235
sort_4;10;70000;1.616189652006142;0.022575114038773;0.277686487068422;0.217887740931474;1.081725318101235
sort_4;10;70000;1.497947387048043;0.019763190066442;0.233488249941729;0.144714443013072;1.083542137988843
sort_4;10;70000;1.537003737990744;0.021753408014774;0.268997384002432;0.144102059071884;1.085759007954039
sort_4;10;70000;1.514089768053964;0.022326972917654;0.247455726028420;0.144386500935070;1.083313450915739
sort_4;10;70000;1.502945074927993;0.021859506028704;0.237524630967528;0.144544775946997;1.082247072015889
sort_4;10;70000;1.582553720916621;0.021849329001270;0.240760126966052;0.221476666978560;1.081782335066237
sort_4;10;70000;1.514626432908699;0.017918564029969;0.253825681051239;0.144662306993268;1.081806735019200
sort_4;12;84000;1.584644775837660;0.007620559073985;0.152305191149935;0.116414149990305;1.307991635054350
sort_4;12;84000;1.588506594998762;0.007546172011644;0.155942037003115;0.116087590111420;1.308626140933484
sort_4;12;84000;1.585592350922525;0.007559728110209;0.150996251031756;0.116138736018911;1.310590904904529
sort_4;12;84000;1.593705740990117;0.007550881011412;0.153386055957526;0.116215541027486;1.316251392010599
sort_4;12;84000;1.590414544800296;0.007565312087536;0.152327262796462;0.116468386957422;1.313766122097149
sort_4;12;84000;1.584224699996412;0.007562149083242;0.150968062924221;0.116512997075915;1.308879431104288
sort_4;12;84000;1.583899965044111;0.007583324098960;0.150872591184452;0.116784266894683;1.308357784990221
sort_4;12;84000;1.591008278075606;0.007551382994279;0.152252708096057;0.116313165985048;1.314590367954224
sort_4;12;84000;1.596504908986390;0.007596605923027;0.152141587110236;0.121918554883450;1.314551884075627
sort_4;12;84000;2.093300809850916;0.022576157003641;0.161065123975277;0.116258195135742;1.789248405024409
sort_4;12;84000;1.983630501898006;0.013440166832879;0.176713733933866;0.145987844094634;1.647183340974152
sort_4;12;84000;1.651975366054103;0.008968157926574;0.182377767050639;0.143589483806863;1.312716278014705
sort_4;12;84000;1.616749025881290;0.030935788992792;0.156371855875477;0.116318241925910;1.308900255011395
sort_4;12;84000;1.722259367816150;0.030872036004439;0.202996926149353;0.167609908850864;1.312599475961179
sort_4;12;84000;1.772018417948857;0.018857450922951;0.172479481901973;0.119437355082482;1.456695113796741
sort_4;12;84000;1.649246168090031;0.031781457131729;0.188736667158082;0.115931853884831;1.308619555085897
sort_4;12;84000;1.583307421999052;0.007535488111898;0.151298345997930;0.115779735846445;1.308374166954309
sort_4;12;84000;1.591293440898880;0.007556770928204;0.154892133083194;0.116121865110472;1.312414895975962
sort_4;12;84000;1.586518369847909;0.007560007972643;0.152906086063012;0.115818891907111;1.309909457108006
sort_4;12;84000;1.590906088938937;0.007557822158560;0.153582860948518;0.116438358090818;1.313022575108334
sort_4;13;91000;1.678745829965919;0.006966229062527;0.138130457024090;0.112773970002308;1.420571215916425
sort_4;13;91000;1.715339655987918;0.017715294030495;0.165029862895608;0.105749042006209;1.422612825990655
sort_4;13;91000;1.720042042084970;0.017707482911646;0.161253212019801;0.113068014965393;1.423760037985630
sort_4;13;91000;1.675536270020530;0.006956137018278;0.139123497996479;0.105805995990522;1.423340577981435
sort_4;13;91000;1.679937574896030;0.007141630980186;0.138361404067837;0.110301897046156;1.423818308045156
sort_4;13;91000;1.734324670978822;0.029941643006168;0.164455780992284;0.110256226034835;1.425591642037034
sort_4;13;91000;1.723805994959548;0.017672062036581;0.169467487023212;0.111922734999098;1.420670897001401
sort_4;13;91000;1.742061351076700;0.017652953974903;0.183568513952196;0.112985225976445;1.423626484931447
sort_4;13;91000;1.688983482075855;0.006923393113539;0.139757320052013;0.115261489059776;1.422946918057278
sort_4;13;91000;1.677083132090047;0.006961854989640;0.138899737969041;0.105514023918658;1.425398249994032
sort_4;13;91000;1.670894092996605;0.006968552013859;0.136881340062246;0.105481893988326;1.421257650945336
sort_4;13;91000;1.703265747055411;0.017675406066701;0.146836522035301;0.107328601065092;1.423340370994993
sort_4;13;91000;1.690589406061918;0.017708917031996;0.138869427959435;0.107094240956940;1.422784941038117
sort_4;13;91000;1.707799786003307;0.017679239972495;0.155239413958043;0.105970293981954;1.424655955983326
sort_4;13;91000;1.676368988002650;0.006981152924709;0.140197668923065;0.107407231931575;1.421482076984830
sort_4;13;91000;1.677539297961630;0.006946517969482;0.140447102021426;0.105518197990023;1.421117441030219
sort_4;13;91000;1.730188739020377;0.030654491041787;0.166537965997122;0.105666213086806;1.423255846020766
sort_4;13;91000;1.688263941905461;0.017691218992695;0.139174590003677;0.105655018938705;1.421585093950853
sort_4;13;91000;1.692578579997644;0.017692037974484;0.139839937910438;0.105627390905283;1.425188131979667
sort_4;13;91000;1.680200665025041;0.006921294960193;0.139793121023104;0.106428429950029;1.422961391974241
sort_4;2;14000;2.509597741998732;0.051530292956159;0.611739348853007;1.604000034043565;0.241818983806297
sort_4;2;14000;1.891890804981813;0.044208166887984;0.594934627180919;1.055849399883300;0.196815010858700
sort_4;2;14000;1.933463022811338;0.044079384999350;0.695253479061648;0.996701654978096;0.197359718149528
sort_4;2;14000;1.768821581965312;0.044138163095340;0.629305506125093;0.897890529129654;0.197418987983838
sort_4;2;14000;1.814582719001919;0.044045462040231;0.584023644914851;0.934002036927268;0.252425860846415
sort_4;2;14000;1.764092647936195;0.044091289164498;0.597188547952101;0.925638569053262;0.197096834890544
sort_4;2;14000;1.735174889909104;0.044235944980755;0.587240465916693;0.900374592049047;0.203259972855449
sort_4;2;14000;1.726032684789971;0.044159288052469;0.586784733925015;0.897787258960307;0.197233692044392
sort_4;2;14000;1.747726419940591;0.044176385039464;0.605232726782560;0.900102167157456;0.198130009928718
sort_4;2;14000;1.723982906900346;0.044113297946751;0.587025622138754;0.895790621871129;0.196981618879363
sort_4;2;14000;1.751095440005884;0.044067835900933;0.593998772092164;0.915445439983159;0.197507996112108
sort_4;2;14000;1.751116746803746;0.044066926930100;0.568457672139630;0.937774843070656;0.200748580973595
sort_4;2;14000;1.735913689015433;0.044095337158069;0.595512047875673;0.899271104019135;0.196966070914641
sort_4;2;14000;1.738141223089769;0.044014268089086;0.589880110928789;0.901027417974547;0.203145910054445
sort_4;2;14000;1.719688044860959;0.044076668098569;0.579667759127915;0.898249350022525;0.197621847968549
sort_4;2;14000;1.717381535097957;0.044245647964999;0.568359117954969;0.895734061021358;0.208975658984855
sort_4;2;14000;1.709507622988895;0.044080472085625;0.571989206131548;0.896386580076069;0.196981817949563
sort_4;2;14000;1.717397643020377;0.044155962998047;0.576456930954009;0.899724859045818;0.196991578908637
sort_4;2;14000;1.731314265867695;0.044192781904712;0.591387456050143;0.898626127047464;0.197030421812087
sort_4;2;14000;1.870229498017579;0.044085743837059;0.590335265034810;1.027886350173503;0.207863180898130
sort_4;14;98000;1.774250322021544;0.006498832022771;0.129184306017123;0.100242286920547;1.533962960005738
sort_4;14;98000;1.815039684996009;0.016732436022721;0.154696449055336;0.104355275980197;1.534912595059723
sort_4;14;98000;1.794295252999291;0.016800042008981;0.141928105033003;0.097193581983447;1.534162482013926
sort_4;14;98000;1.779921472072601;0.016779113095254;0.129673217074014;0.096989894984290;1.532248595030978
sort_4;14;98000;1.775200262898579;0.006457755924203;0.132518077036366;0.097125159110874;1.534949130029418
sort_4;14;98000;1.772813293035142;0.006483359029517;0.132964629912749;0.097534578060731;1.535132108954713
sort_4;14;98000;1.775166623992845;0.006481432006694;0.133830299018882;0.096975091029890;1.537554859998636
sort_4;14;98000;1.855850245920010;0.028927403036505;0.142341461032629;0.148394139017910;1.532071021967568
sort_4;14;98000;1.848487233044580;0.016784526058473;0.189479553024285;0.102258316939697;1.535738706006669
sort_4;14;98000;1.784637638018467;0.016744174994528;0.132113651954569;0.097072153934278;1.534483580966480
sort_4;14;98000;1.775638566934504;0.006461746059358;0.134482908993959;0.096753364079632;1.533800483914092
sort_4;14;98000;1.775122519000433;0.006465072045103;0.133025678922422;0.097093754098751;1.534409253974445
sort_4;14;98000;1.773287703050300;0.006459790980443;0.132613275083713;0.096878575044684;1.536991343018599
sort_4;14;98000;1.843236654996872;0.016778039978817;0.179675800027326;0.104672505985945;1.534002153086476
sort_4;14;98000;1.770094671053812;0.006495369947515;0.131687807966955;0.096946623991244;1.534612568910234
sort_4;14;98000;1.790373928961344;0.016761407954618;0.131981604965404;0.096816112985834;1.536628299974836
sort_4;14;98000;1.789496432058513;0.016762373037636;0.132107773912139;0.099525382043794;1.536864547990263
sort_4;14;98000;1.788210876984522;0.016733892960474;0.132698393892497;0.097078802995384;1.537429685005918
sort_4;14;98000;1.775399087928236;0.006451069959439;0.131534214946441;0.097074322053231;1.536242467933334
sort_4;14;98000;1.785030842991546;0.016780498903245;0.135083424975164;0.096906143007800;1.531949674943462
sort_4;11;77000;1.724595658946782;0.032709893072024;0.359941806877032;0.129460219992325;1.198325751814991
sort_4;11;77000;1.634494466008618;0.008350084070116;0.292599377920851;0.129594138124958;1.199811323080212
sort_4;11;77000;1.654854362132028;0.020178767153993;0.301442106952891;0.129855012055486;1.199192744912580
sort_4;11;77000;1.665192662039772;0.020205548964441;0.314950569998473;0.129358809906989;1.196395432110876
sort_4;11;77000;1.639681155094877;0.008584115188569;0.295566357905045;0.130686894059181;1.204548006178811
sort_4;11;77000;1.801088676787913;0.033189862035215;0.436409754212946;0.129630127223209;1.197614348959178
sort_4;11;77000;1.682754073059186;0.030967612052336;0.316936526913196;0.130188012029976;1.198119435925037
sort_4;11;77000;1.654522272059694;0.008701620157808;0.319777929922566;0.129564219154418;1.196166189853102
sort_4;11;77000;1.966243056813255;0.029889578931034;0.498393557965755;0.209659416228533;1.216083240928128
sort_4;11;77000;2.289047627011314;0.049218407133594;0.533546674996614;0.152854165062308;1.545276076067239
sort_4;11;77000;1.883578476961702;0.028032951988280;0.339342111954466;0.162124122958630;1.349776590941474
sort_4;11;77000;1.920059452066198;0.029201562050730;0.460275280987844;0.233003100845963;1.185423398856074
sort_4;11;77000;1.937227866146713;0.029189717024565;0.358046289999038;0.280281467828900;1.261553670978174
sort_4;11;77000;1.953051128890365;0.029178900877014;0.438694371841848;0.129207154968753;1.347810943145305
sort_4;11;77000;1.815965485060588;0.050584770040587;0.429912060033530;0.129823094001040;1.197135027963668
sort_4;11;77000;1.631777737988159;0.008440108038485;0.289090564940125;0.130183189874515;1.199934127973393
sort_4;11;77000;1.647573305061087;0.008482480887324;0.310829588910565;0.129670684924349;1.198286060011014
sort_4;11;77000;1.649146350100636;0.008500716881827;0.314779825042933;0.129285902017727;1.196265615057200
sort_4;11;77000;1.665354558033869;0.020183200947940;0.316781266126782;0.129328610142693;1.194780666148290
sort_4;11;77000;1.901198561070487;0.029145173961297;0.430533613078296;0.193932662019506;1.235442450968549
sort_4;16;112000;2.012639960041270;0.015107753919438;0.148256487911567;0.082789471140131;1.761209315853193
sort_4;16;112000;2.023053197888657;0.005581181030720;0.151433733990416;0.082637047860771;1.765425686957315
sort_4;16;112000;2.084071981022134;0.015179533977062;0.168962094932795;0.129188328050077;1.762545021018013
sort_4;16;112000;2.042806822806597;0.005583964986727;0.165097838034853;0.089902417035773;1.764289491111413
sort_4;16;112000;2.111483895918354;0.015157676069066;0.184628432150930;0.134376392001286;1.765121906995773
sort_4;16;112000;2.073281494900584;0.015202363952994;0.187338888878003;0.102862526196986;1.763516977196559
sort_4;16;112000;1.998088629916310;0.028062778990716;0.121904863044620;0.082758130040020;1.757015999173746
sort_4;16;112000;2.032068084925413;0.015192053047940;0.166687714168802;0.082692398922518;1.759274040115997
sort_4;16;112000;2.079757564002648;0.005577633157372;0.166286112042144;0.128721331013367;1.761265021981671
sort_4;16;112000;2.061032047029585;0.027997115161270;0.138711303006858;0.128605242120102;1.757359807845205
sort_4;16;112000;2.029034310020506;0.015181655995548;0.163439311087132;0.082818237831816;1.759208989096805
sort_4;16;112000;2.069733486045152;0.015160335926339;0.169218980008736;0.110940250102431;1.765658694785088
sort_4;16;112000;2.088722015032545;0.027251842897385;0.155983021017164;0.129799986025319;1.763332947157323
sort_4;16;112000;1.972495630150661;0.005671152845025;0.118607109179720;0.082638213178143;1.760226902086288
sort_4;16;112000;2.050356318941340;0.022522426908836;0.165988418972120;0.094254259020090;1.759222833206877
sort_4;16;112000;2.023492770968005;0.015162581112236;0.155913035152480;0.082768847001716;1.761564294109121
sort_4;16;112000;2.039129906799644;0.005562611855567;0.172592893941328;0.082458256045356;1.764098949031904
sort_4;16;112000;2.064296918921173;0.005572971887887;0.171272465959191;0.107425029855222;1.762062313035131
sort_4;16;112000;2.042877936037257;0.028143655043095;0.149763809982687;0.092676917789504;1.764106942107901
sort_4;16;112000;2.026238998165354;0.015173179795966;0.161078006960452;0.082376057980582;1.759383948985487
sort_4;15;105000;1.994054164038971;0.006286815972999;0.251587152946740;0.089224640978500;1.646561286994256
sort_4;15;105000;2.000162196927704;0.006251004058868;0.252552049001679;0.089369169902056;1.651594851980917
sort_4;15;105000;2.111795885022730;0.015855478937738;0.296290637110360;0.152952341944911;1.638562368927523
sort_4;15;105000;2.122020646929741;0.015888693043962;0.295219163992442;0.166516729979776;1.636289891088381
sort_4;15;105000;2.094742396962829;0.028112355968915;0.281002442003228;0.136224174988456;1.645265755010769
sort_4;15;105000;2.083250066963956;0.028668659972027;0.314477993058972;0.089441313990392;1.646553735015914
sort_4;15;105000;2.233855146914721;0.028506581089459;0.222494725021534;0.186613332014531;1.787964613991790
sort_4;15;105000;1.971672469982877;0.006261716946028;0.230461013969034;0.089205417083576;1.645344534073956
sort_4;15;105000;2.191942835110240;0.015897475066595;0.264069248107262;0.191456250962801;1.716297498089261
sort_4;15;105000;2.077852966962382;0.028179292916320;0.240547352004796;0.154544980032369;1.646347964997403
sort_4;15;105000;2.103141520055942;0.015915886033326;0.274568194989115;0.153853736002930;1.650575822917745
sort_4;15;105000;2.126320941955782;0.028478587977588;0.252000175998546;0.165997997042723;1.671543551958166
sort_4;15;105000;2.146473100059666;0.028910964960232;0.280375492991880;0.155625321087427;1.673387562041171
sort_4;15;105000;2.112297940067947;0.016313805943355;0.273730764049105;0.167362739914097;1.646593502024189
sort_4;15;105000;1.994863535976037;0.006320799002424;0.251778453937732;0.089146600104868;1.647208456066437
sort_4;15;105000;1.971523932064883;0.006241183960810;0.228600602014922;0.089550914010033;1.646717810072005
sort_4;15;105000;1.999330652062781;0.006243388983421;0.250713214045390;0.089073390001431;1.652884516981430
sort_4;15;105000;2.133185727987438;0.015855422941968;0.272713823011145;0.179182762047276;1.661229119054042
sort_4;15;105000;1.968305293004960;0.006315784994513;0.227906191023067;0.089249614044093;1.644402140052989
sort_4;15;105000;1.989863730035722;0.006274726008996;0.248370143002830;0.088881400995888;1.645938539062627
sort_4;1;7000;2.797086270060390;0.088161580963060;0.613078451016918;1.984926586970687;0.110905875917524
sort_4;1;7000;2.776617186958902;0.088185210013762;0.597395013086498;1.980154042015783;0.110875516897067
sort_4;1;7000;2.791807923000306;0.088187391054817;0.614442162914202;1.978275192086585;0.110888429917395
sort_4;1;7000;2.787944229086861;0.088064811890945;0.604870580951683;1.984088286990300;0.110905720037408
sort_4;1;7000;2.779578422079794;0.088375673978589;0.595115053001791;1.985123760066926;0.110951905953698
sort_4;1;7000;2.800283237011172;0.087926564039662;0.617392243002541;1.984165675938129;0.110793279949576
sort_4;1;7000;2.792741290060803;0.088023153948598;0.606562388013117;1.987205823999830;0.110933577991091
sort_4;1;7000;2.787064627045766;0.087895017000847;0.604439388960600;1.983793454011902;0.110921883024275
sort_4;1;7000;2.787502418970689;0.088142185006291;0.605140874977224;1.983388616936281;0.110816012951545
sort_4;1;7000;2.781815898953937;0.088032324914820;0.600873689982109;1.982043290976435;0.110853394959122
sort_4;1;7000;2.785188627894968;0.088033045060001;0.605169191025198;1.981095370021649;0.110875581973232
sort_4;1;7000;2.783325801021419;0.088000191026367;0.599669586983509;1.984904790995643;0.110737188020721
sort_4;1;7000;2.787036472000182;0.088039833935909;0.606951434048824;1.981242033070885;0.110787960002199
sort_4;1;7000;2.798655039980076;0.087948027998209;0.615360421943478;1.984556915005669;0.110783361014910
sort_4;1;7000;2.790147554012947;0.088180454913527;0.606640382087789;1.984542435035110;0.110769849037752
sort_4;1;7000;2.783500364050269;0.087894776952453;0.602941440069117;1.981858955929056;0.110791145008989
sort_4;1;7000;2.780825981986709;0.087926227017306;0.597469072090462;1.984741457039490;0.110674298950471
sort_4;1;7000;2.784144453005865;0.087990885018371;0.605274602072313;1.980090707074851;0.110774077009410
sort_4;1;7000;2.793722236994654;0.088040991919115;0.609286549966782;1.985492914100178;0.110886840964667
sort_4;1;7000;2.796885018935427;0.087909774039872;0.612732537090778;1.985501391929574;0.110735255992040
